lane,origin,dest,day,trailers_scheduled_dispatched,trailers_overflow,trailers_adhoc,trailers_sweeper,slots_cancelled,slots_lapsed,pkgs,content_cube,mean_fill_target,cost_cents,holds
ATLS->ATNO,ATLS,ATNO,2026-04-27,0,0,0,0,0,1,0,0.0,0.0,0,0
ATLS->ATNO,ATLS,ATNO,2026-04-28,1,0,0,0,0,1,3956,3044.994,1.0984827,21490,1
ATLS->ATNO,ATLS,ATNO,2026-04-29,1,0,0,1,0,0,6210,5455.655,0.98406476,42980,0
ATLS->ATNO,ATLS,ATNO,2026-04-30,1,0,0,1,0,0,6070,5075.847,0.9155568,42980,0
ATLS->ATNO,ATLS,ATNO,2026-05-01,1,0,0,1,0,0,5682,4623.0,0.83387446,42980,0
ATLS->ATNO,ATLS,ATNO,2026-05-02,1,0,0,1,0,0,6804,5851.359,1.05544,42980,0
ATLS->ATNO,ATLS,ATNO,2026-05-03,1,0,0,1,0,0,6542,5419.563,0.9775547,42980,0
ATLS->ATNO,ATLS,ATNO,2026-05-04,1,0,0,1,0,0,6645,5457.837,0.9844583,42980,0
ATLS->ATNO,ATLS,ATNO,2026-05-05,1,0,0,1,0,0,6800,5766.275,1.040093,42980,0
ATLS->ATNO,ATLS,ATNO,2026-05-06,1,0,0,1,0,0,6924,5730.7,1.033676,42980,0
ATLS->ATNO,ATLS,ATNO,2026-05-07,1,0,0,1,0,0,6426,5469.719,0.98660153,42980,0
ATLS->ATNO,ATLS,ATNO,2026-05-08,1,0,0,1,0,0,5640,4588.386,0.82763094,42980,0
ATLS->ATNO,ATLS,ATNO,2026-05-09,1,0,0,1,0,0,6792,5821.758,1.0501007,42980,0
ATLS->ATNO,ATLS,ATNO,2026-05-10,1,0,0,1,0,0,6591,5476.703,0.9878613,42980,0
ATLS->ATNO,ATLS,ATNO,2026-05-11,1,0,0,1,0,0,6640,5450.771,0.9831838,42980,0
ATLS->ATNO,ATLS,ATNO,2026-05-12,1,0,0,1,0,0,6771,5764.82,1.0398304,42980,0
ATLS->ATNO,ATLS,ATNO,2026-05-13,1,0,0,1,0,0,6986,5756.058,1.03825,42980,0
ATLS->ATNO,ATLS,ATNO,2026-05-14,1,0,0,1,0,0,6395,5459.613,0.9847787,42980,0
ATLS->ATNO,ATLS,ATNO,2026-05-15,1,0,0,1,0,0,5647,4609.193,0.831384,42980,0
ATLS->ATNO,ATLS,ATNO,2026-05-16,1,0,0,1,0,0,6837,5836.01,1.0526713,42980,0
ATLS->ATNO,ATLS,ATNO,2026-05-17,1,0,0,1,0,0,6577,5429.853,0.9794107,42980,0
ATLS->ATNO,ATLS,ATNO,2026-05-18,1,0,0,0,0,1,2302,1860.31,0.67110753,21490,1
ATLS->ATNO,ATLS,ATNO,2026-05-19,1,0,0,0,0,1,1245,1160.923,0.4188034,21490,1
ATLS->ATNO,ATLS,ATNO,2026-05-20,1,0,0,0,0,1,248,195.049,0.070364,21490,1
ATLS->ATNO,ATLS,ATNO,2026-05-21,1,0,0,0,0,1,13,9.185,0.003313492,21490,1
ATLS->ATNO,ATLS,ATNO,2026-05-22,0,0,0,0,0,2,0,0.0,0.0,0,0
ATLS->ATNO,ATLS,ATNO,2026-05-23,0,0,0,0,0,2,0,0.0,0.0,0,0
ATLS->ATNO,ATLS,ATNO,2026-05-24,0,0,0,0,0,2,0,0.0,0.0,0,0
ATLS->ATNO,ATLS,ATNO,2026-05-25,0,0,0,0,0,2,0,0.0,0.0,0,0
ATLS->ATNO,ATLS,ATNO,2026-05-26,0,0,0,0,0,2,0,0.0,0.0,0,0
ATLS->ATNO,ATLS,ATNO,2026-05-27,0,0,0,0,0,1,0,0.0,0.0,0,0
ATLS->ATSO,ATLS,ATSO,2026-04-27,0,0,0,0,0,1,0,0.0,0.0,0,0
ATLS->ATSO,ATLS,ATSO,2026-04-28,1,0,0,1,0,1,4759,3975.533,0.7170875,33168,1
ATLS->ATSO,ATLS,ATSO,2026-04-29,1,0,0,1,0,1,6436,5395.08,0.9731385,33168,0
ATLS->ATSO,ATLS,ATSO,2026-04-30,1,0,0,1,0,1,6492,5426.023,0.9787199,33168,2
ATLS->ATSO,ATLS,ATSO,2026-05-01,1,0,0,1,0,1,6109,5008.456,0.90340114,33168,2
ATLS->ATSO,ATLS,ATSO,2026-05-02,1,0,0,1,0,1,7407,6304.711,1.1372133,33168,0
ATLS->ATSO,ATLS,ATSO,2026-05-03,1,0,0,1,0,1,7243,6001.076,1.0824451,33168,0
ATLS->ATSO,ATLS,ATSO,2026-05-04,1,0,0,1,0,1,7210,5960.363,1.0751015,33168,0
ATLS->ATSO,ATLS,ATSO,2026-05-05,1,0,0,1,0,1,7378,6237.626,1.1251129,33168,2
ATLS->ATSO,ATLS,ATSO,2026-05-06,1,0,0,1,0,1,7507,6210.206,1.120167,33168,0
ATLS->ATSO,ATLS,ATSO,2026-05-07,1,0,0,1,0,1,6843,5828.295,1.0512798,33168,2
ATLS->ATSO,ATLS,ATSO,2026-05-08,1,0,0,1,0,1,6121,4976.557,0.8976474,33168,2
ATLS->ATSO,ATLS,ATSO,2026-05-09,1,0,0,1,0,1,7432,6370.955,1.1491622,33168,0
ATLS->ATSO,ATLS,ATSO,2026-05-10,1,0,0,1,0,1,7243,6004.509,1.0830644,33168,0
ATLS->ATSO,ATLS,ATSO,2026-05-11,1,0,0,1,0,1,7239,5963.533,1.0756733,33168,0
ATLS->ATSO,ATLS,ATSO,2026-05-12,1,0,0,1,0,1,7352,6229.466,1.123641,33168,2
ATLS->ATSO,ATLS,ATSO,2026-05-13,1,0,0,1,0,1,7498,6182.419,1.115155,33168,0
ATLS->ATSO,ATLS,ATSO,2026-05-14,1,0,0,1,0,1,6858,5846.131,1.0544969,33168,2
ATLS->ATSO,ATLS,ATSO,2026-05-15,1,0,0,1,0,1,6124,5031.417,0.90754277,33168,2
ATLS->ATSO,ATLS,ATSO,2026-05-16,1,0,0,1,0,1,7442,6340.628,1.1436919,33168,0
ATLS->ATSO,ATLS,ATSO,2026-05-17,1,0,0,1,0,1,7229,5988.509,1.0801784,33168,0
ATLS->ATSO,ATLS,ATSO,2026-05-18,1,0,0,0,0,2,2408,1922.839,0.69366485,16584,1
ATLS->ATSO,ATLS,ATSO,2026-05-19,1,0,0,0,0,2,1298,1215.237,0.4383972,16584,1
ATLS->ATSO,ATLS,ATSO,2026-05-20,1,0,0,0,0,2,275,214.037,0.07721393,16584,1
ATLS->ATSO,ATLS,ATSO,2026-05-21,1,0,0,0,0,2,8,10.672,0.0038499278,16584,1
ATLS->ATSO,ATLS,ATSO,2026-05-22,0,0,0,0,0,3,0,0.0,0.0,0,0
ATLS->ATSO,ATLS,ATSO,2026-05-23,0,0,0,0,0,3,0,0.0,0.0,0,0
ATLS->ATSO,ATLS,ATSO,2026-05-24,0,0,0,0,0,3,0,0.0,0.0,0,0
ATLS->ATSO,ATLS,ATSO,2026-05-25,0,0,0,0,0,3,0,0.0,0.0,0,0
ATLS->ATSO,ATLS,ATSO,2026-05-26,0,0,0,0,0,3,0,0.0,0.0,0,0
ATLS->ATSO,ATLS,ATSO,2026-05-27,0,0,0,0,0,2,0,0.0,0.0,0,0
ATLS->CBSC,ATLS,CBSC,2026-04-27,0,0,0,0,0,1,0,0.0,0.0,0,0
ATLS->CBSC,ATLS,CBSC,2026-04-28,1,0,0,0,0,1,1346,1133.683,0.40897655,130962,1
ATLS->CBSC,ATLS,CBSC,2026-04-29,1,0,0,0,0,1,1527,1265.815,0.45664322,130962,1
ATLS->CBSC,ATLS,CBSC,2026-04-30,1,0,0,0,0,1,1263,1060.642,0.38262698,130962,1
ATLS->CBSC,ATLS,CBSC,2026-05-01,1,0,0,0,0,1,1172,972.37,0.35078284,130962,1
ATLS->CBSC,ATLS,CBSC,2026-05-02,1,0,0,0,0,1,1553,1299.881,0.46893254,130962,1
ATLS->CBSC,ATLS,CBSC,2026-05-03,1,0,0,0,0,1,1442,1212.261,0.4373236,130962,1
ATLS->CBSC,ATLS,CBSC,2026-05-04,1,0,0,0,0,1,1408,1173.5,0.42334056,130962,1
ATLS->CBSC,ATLS,CBSC,2026-05-05,1,0,0,0,0,1,1370,1151.969,0.41557324,130962,1
ATLS->CBSC,ATLS,CBSC,2026-05-06,1,0,0,0,0,1,1531,1276.264,0.4604127,130962,1
ATLS->CBSC,ATLS,CBSC,2026-05-07,1,0,0,0,0,1,1273,1062.849,0.38342315,130962,1
ATLS->CBSC,ATLS,CBSC,2026-05-08,1,0,0,0,0,1,1164,970.249,0.35001767,130962,1
ATLS->CBSC,ATLS,CBSC,2026-05-09,1,0,0,0,0,1,1555,1306.83,0.4714394,130962,1
ATLS->CBSC,ATLS,CBSC,2026-05-10,1,0,0,0,0,1,1453,1211.099,0.4369044,130962,1
ATLS->CBSC,ATLS,CBSC,2026-05-11,1,0,0,0,0,1,1407,1180.294,0.42579147,130962,1
ATLS->CBSC,ATLS,CBSC,2026-05-12,1,0,0,0,0,1,1374,1143.608,0.412557,130962,1
ATLS->CBSC,ATLS,CBSC,2026-05-13,1,0,0,0,0,1,1513,1265.118,0.45639178,130962,1
ATLS->CBSC,ATLS,CBSC,2026-05-14,1,0,0,0,0,1,1276,1062.991,0.38347438,130962,1
ATLS->CBSC,ATLS,CBSC,2026-05-15,1,0,0,0,0,1,1171,984.3,0.3550866,130962,1
ATLS->CBSC,ATLS,CBSC,2026-05-16,1,0,0,0,0,1,1553,1301.585,0.46954727,130962,1
ATLS->CBSC,ATLS,CBSC,2026-05-17,1,0,0,0,0,1,1445,1202.163,0.43368074,130962,1
ATLS->CBSC,ATLS,CBSC,2026-05-18,1,0,0,0,0,1,27,23.563,0.008500361,130962,1
ATLS->CBSC,ATLS,CBSC,2026-05-19,0,0,0,0,0,2,0,0.0,0.0,0,0
ATLS->CBSC,ATLS,CBSC,2026-05-20,0,0,0,0,0,2,0,0.0,0.0,0,0
ATLS->CBSC,ATLS,CBSC,2026-05-21,0,0,0,0,0,2,0,0.0,0.0,0,0
ATLS->CBSC,ATLS,CBSC,2026-05-22,0,0,0,0,0,2,0,0.0,0.0,0,0
ATLS->CBSC,ATLS,CBSC,2026-05-23,0,0,0,0,0,2,0,0.0,0.0,0,0
ATLS->CBSC,ATLS,CBSC,2026-05-24,0,0,0,0,0,2,0,0.0,0.0,0,0
ATLS->CBSC,ATLS,CBSC,2026-05-25,0,0,0,0,0,2,0,0.0,0.0,0,0
ATLS->CBSC,ATLS,CBSC,2026-05-26,0,0,0,0,0,2,0,0.0,0.0,0,0
ATLS->CBSC,ATLS,CBSC,2026-05-27,0,0,0,0,0,1,0,0.0,0.0,0,0
ATLS->CLTC,ATLS,CLTC,2026-04-27,0,0,0,0,0,1,0,0.0,0.0,0,0
ATLS->CLTC,ATLS,CLTC,2026-04-28,1,0,0,1,0,1,8241,6582.083,1.1872444,160724,1
ATLS->CLTC,ATLS,CLTC,2026-04-29,1,0,0,2,0,0,9946,8625.69,1.0372403,241086,0
ATLS->CLTC,ATLS,CLTC,2026-04-30,1,0,0,1,0,1,7895,6546.306,1.1807911,160724,1
ATLS->CLTC,ATLS,CLTC,2026-05-01,1,0,0,1,0,1,7307,6156.867,1.110546,160724,1
ATLS->CLTC,ATLS,CLTC,2026-05-02,1,0,0,2,0,0,9825,8220.631,0.9885319,241086,0
ATLS->CLTC,ATLS,CLTC,2026-05-03,1,0,0,1,0,1,8550,6578.701,1.1866344,160724,0
ATLS->CLTC,ATLS,CLTC,2026-05-04,1,0,0,2,0,0,9459,8481.603,1.0199138,241086,0
ATLS->CLTC,ATLS,CLTC,2026-05-05,1,0,0,2,0,0,8749,7304.337,0.8783474,241086,1
ATLS->CLTC,ATLS,CLTC,2026-05-06,1,0,0,2,0,0,9599,8039.689,0.96677357,241086,0
ATLS->CLTC,ATLS,CLTC,2026-05-07,1,0,0,1,0,1,7917,6545.569,1.1806582,160724,1
ATLS->CLTC,ATLS,CLTC,2026-05-08,1,0,0,1,0,1,7303,6168.705,1.1126813,160724,1
ATLS->CLTC,ATLS,CLTC,2026-05-09,1,0,0,2,0,0,9825,8222.346,0.9887381,241086,0
ATLS->CLTC,ATLS,CLTC,2026-05-10,1,0,0,1,0,1,8548,6576.891,1.1863079,160724,0
ATLS->CLTC,ATLS,CLTC,2026-05-11,1,0,0,2,0,0,9481,8480.962,1.0198367,241086,0
ATLS->CLTC,ATLS,CLTC,2026-05-12,1,0,0,1,0,1,8416,6722.289,1.2125341,160724,1
ATLS->CLTC,ATLS,CLTC,2026-05-13,1,0,0,2,0,0,9924,8604.24,1.0346609,241086,0
ATLS->CLTC,ATLS,CLTC,2026-05-14,1,0,0,1,0,1,7900,6544.763,1.1805128,160724,1
ATLS->CLTC,ATLS,CLTC,2026-05-15,1,0,0,1,0,1,7340,6203.104,1.118886,160724,1
ATLS->CLTC,ATLS,CLTC,2026-05-16,1,0,0,2,0,0,9786,8186.131,0.9843832,241086,0
ATLS->CLTC,ATLS,CLTC,2026-05-17,1,0,0,1,0,1,8556,6578.844,1.1866602,160724,0
ATLS->CLTC,ATLS,CLTC,2026-05-18,1,0,0,0,0,2,776,1215.855,0.43862012,80362,1
ATLS->CLTC,ATLS,CLTC,2026-05-19,0,0,0,0,0,3,0,0.0,0.0,0,0
ATLS->CLTC,ATLS,CLTC,2026-05-20,0,0,0,0,0,3,0,0.0,0.0,0,0
ATLS->CLTC,ATLS,CLTC,2026-05-21,0,0,0,0,0,3,0,0.0,0.0,0,0
ATLS->CLTC,ATLS,CLTC,2026-05-22,0,0,0,0,0,3,0,0.0,0.0,0,0
ATLS->CLTC,ATLS,CLTC,2026-05-23,0,0,0,0,0,3,0,0.0,0.0,0,0
ATLS->CLTC,ATLS,CLTC,2026-05-24,0,0,0,0,0,3,0,0.0,0.0,0,0
ATLS->CLTC,ATLS,CLTC,2026-05-25,0,0,0,0,0,3,0,0.0,0.0,0,0
ATLS->CLTC,ATLS,CLTC,2026-05-26,0,0,0,0,0,3,0,0.0,0.0,0,0
ATLS->CLTC,ATLS,CLTC,2026-05-27,0,0,0,0,0,2,0,0.0,0.0,0,0
BOSC->ALBY,BOSC,ALBY,2026-04-27,0,0,0,0,0,1,0,0.0,0.0,0,0
BOSC->ALBY,BOSC,ALBY,2026-04-28,1,0,0,0,0,1,285,240.498,0.08675974,45888,1
BOSC->ALBY,BOSC,ALBY,2026-04-29,1,0,0,0,0,1,1132,942.074,0.33985353,45888,1
BOSC->ALBY,BOSC,ALBY,2026-04-30,1,0,0,0,0,1,1956,1553.972,0.560596,45888,1
BOSC->ALBY,BOSC,ALBY,2026-05-01,1,0,0,0,0,1,1731,1499.187,0.5408322,45888,1
BOSC->ALBY,BOSC,ALBY,2026-05-02,1,0,0,0,0,1,1693,1560.562,0.5629733,45888,1
BOSC->ALBY,BOSC,ALBY,2026-05-03,1,0,0,0,0,1,1859,1492.219,0.5383185,45888,1
BOSC->ALBY,BOSC,ALBY,2026-05-04,1,0,0,0,0,1,1870,1574.778,0.5681017,45888,1
BOSC->ALBY,BOSC,ALBY,2026-05-05,1,0,0,0,0,1,2249,1810.939,0.6532969,45888,1
BOSC->ALBY,BOSC,ALBY,2026-05-06,1,0,0,0,0,1,1661,1518.717,0.5478777,45888,1
BOSC->ALBY,BOSC,ALBY,2026-05-07,1,0,0,0,0,1,1931,1532.95,0.55301225,45888,1
BOSC->ALBY,BOSC,ALBY,2026-05-08,1,0,0,0,0,1,2014,1572.617,0.56732213,45888,1
BOSC->ALBY,BOSC,ALBY,2026-05-09,1,0,0,0,0,1,1642,1585.721,0.57204944,45888,1
BOSC->ALBY,BOSC,ALBY,2026-05-10,1,0,0,0,0,1,1994,1471.265,0.5307594,45888,1
BOSC->ALBY,BOSC,ALBY,2026-05-11,1,0,0,0,0,1,1765,1602.556,0.5781227,45888,1
BOSC->ALBY,BOSC,ALBY,2026-05-12,1,0,0,0,0,1,2067,1515.693,0.5467868,45888,1
BOSC->ALBY,BOSC,ALBY,2026-05-13,1,0,0,0,0,1,1884,1885.778,0.6802951,45888,1
BOSC->ALBY,BOSC,ALBY,2026-05-14,1,0,0,0,0,1,1864,1517.786,0.54754186,45888,1
BOSC->ALBY,BOSC,ALBY,2026-05-15,1,0,0,0,0,1,2047,1490.847,0.5378236,45888,1
BOSC->ALBY,BOSC,ALBY,2026-05-16,1,0,0,0,0,1,1619,1543.22,0.55671716,45888,1
BOSC->ALBY,BOSC,ALBY,2026-05-17,1,0,0,0,0,1,2042,1521.496,0.5488802,45888,1
BOSC->ALBY,BOSC,ALBY,2026-05-18,1,0,0,0,0,1,1168,856.888,0.30912265,45888,1
BOSC->ALBY,BOSC,ALBY,2026-05-19,1,0,0,0,0,1,738,748.117,0.26988348,45888,1
BOSC->ALBY,BOSC,ALBY,2026-05-20,1,0,0,0,0,1,454,413.138,0.14903969,45888,1
BOSC->ALBY,BOSC,ALBY,2026-05-21,1,0,0,0,0,1,83,94.599,0.034126624,45888,1
BOSC->ALBY,BOSC,ALBY,2026-05-22,1,0,0,0,0,1,13,22.828,0.00823521,45888,1
BOSC->ALBY,BOSC,ALBY,2026-05-23,0,0,0,0,0,2,0,0.0,0.0,0,0
BOSC->ALBY,BOSC,ALBY,2026-05-24,0,0,0,0,0,2,0,0.0,0.0,0,0
BOSC->ALBY,BOSC,ALBY,2026-05-25,0,0,0,0,0,2,0,0.0,0.0,0,0
BOSC->ALBY,BOSC,ALBY,2026-05-26,0,0,0,0,0,2,0,0.0,0.0,0,0
BOSC->ALBY,BOSC,ALBY,2026-05-27,0,0,0,0,0,1,0,0.0,0.0,0,0
BOSC->BOSN,BOSC,BOSN,2026-04-27,0,0,0,0,0,1,0,0.0,0.0,0,0
BOSC->BOSN,BOSC,BOSN,2026-04-28,1,0,0,0,0,1,898,754.135,0.27205446,23206,1
BOSC->BOSN,BOSC,BOSN,2026-04-29,1,0,0,0,0,1,2862,2427.147,0.87559414,23206,1
BOSC->BOSN,BOSC,BOSN,2026-04-30,1,0,0,0,0,1,4425,3219.8,1.161544,23206,1
BOSC->BOSN,BOSC,BOSN,2026-05-01,1,0,0,0,0,1,3975,3198.529,1.1538705,23206,1
BOSC->BOSN,BOSC,BOSN,2026-05-02,1,0,0,0,0,1,3719,3300.523,1.1906649,23206,0
BOSC->BOSN,BOSC,BOSN,2026-05-03,1,0,0,1,0,0,5269,4954.593,0.8936856,46412,0
BOSC->BOSN,BOSC,BOSN,2026-05-04,1,0,0,0,0,1,4278,3213.228,1.1591731,23206,1
BOSC->BOSN,BOSC,BOSN,2026-05-05,1,0,0,1,0,0,5578,4842.949,0.8735478,46412,0
BOSC->BOSN,BOSC,BOSN,2026-05-06,1,0,0,0,0,1,3791,3189.091,1.1504657,23206,1
BOSC->BOSN,BOSC,BOSN,2026-05-07,1,0,0,0,0,1,4348,3216.938,1.1605115,23206,1
BOSC->BOSN,BOSC,BOSN,2026-05-08,1,0,0,1,0,0,5214,4587.966,0.8275552,46412,0
BOSC->BOSN,BOSC,BOSN,2026-05-09,1,0,0,0,0,1,3670,3183.457,1.1484332,23206,1
BOSC->BOSN,BOSC,BOSN,2026-05-10,1,0,0,0,0,1,4534,3226.14,1.1638311,23206,0
BOSC->BOSN,BOSC,BOSN,2026-05-11,1,0,0,1,0,0,4897,4855.671,0.8758425,46412,0
BOSC->BOSN,BOSC,BOSN,2026-05-12,1,0,0,0,0,1,4701,3234.207,1.1667414,23206,1
BOSC->BOSN,BOSC,BOSN,2026-05-13,1,0,0,1,0,0,4696,4805.379,0.8667711,46412,0
BOSC->BOSN,BOSC,BOSN,2026-05-14,1,0,0,0,0,1,4255,3211.474,1.1585404,23206,1
BOSC->BOSN,BOSC,BOSN,2026-05-15,1,0,0,0,0,1,4584,3228.311,1.1646143,23206,1
BOSC->BOSN,BOSC,BOSN,2026-05-16,1,0,0,0,0,1,3638,3289.783,1.1867903,23206,0
BOSC->BOSN,BOSC,BOSN,2026-05-17,1,0,0,1,0,0,5668,4872.114,0.87880844,46412,0
BOSC->BOSN,BOSC,BOSN,2026-05-18,1,0,0,0,0,1,2684,2080.833,0.75066125,23206,1
BOSC->BOSN,BOSC,BOSN,2026-05-19,1,0,0,0,0,1,1634,1628.33,0.58742064,23206,1
BOSC->BOSN,BOSC,BOSN,2026-05-20,1,0,0,0,0,1,1004,884.675,0.3191468,23206,1
BOSC->BOSN,BOSC,BOSN,2026-05-21,1,0,0,0,0,1,183,225.59,0.08138167,23206,1
BOSC->BOSN,BOSC,BOSN,2026-05-22,1,0,0,0,0,1,37,59.786,0.021567822,23206,1
BOSC->BOSN,BOSC,BOSN,2026-05-23,0,0,0,0,0,2,0,0.0,0.0,0,0
BOSC->BOSN,BOSC,BOSN,2026-05-24,0,0,0,0,0,2,0,0.0,0.0,0,0
BOSC->BOSN,BOSC,BOSN,2026-05-25,0,0,0,0,0,2,0,0.0,0.0,0,0
BOSC->BOSN,BOSC,BOSN,2026-05-26,0,0,0,0,0,2,0,0.0,0.0,0,0
BOSC->BOSN,BOSC,BOSN,2026-05-27,0,0,0,0,0,1,0,0.0,0.0,0,0
BOSC->BOSS,BOSC,BOSS,2026-04-27,0,0,0,0,0,1,0,0.0,0.0,0,0
BOSC->BOSS,BOSC,BOSS,2026-04-28,1,0,0,0,0,1,718,602.624,0.21739683,23404,1
BOSC->BOSS,BOSC,BOSS,2026-04-29,1,0,0,0,0,1,2344,1978.328,0.71368253,23404,1
BOSC->BOSS,BOSC,BOSS,2026-04-30,1,0,0,0,0,1,3762,2992.918,1.0796963,23404,1
BOSC->BOSS,BOSC,BOSS,2026-05-01,1,0,0,0,0,1,3457,2926.056,1.0555757,23404,1
BOSC->BOSS,BOSC,BOSS,2026-05-02,1,0,0,0,0,1,3146,2925.144,1.0552467,23404,1
BOSC->BOSS,BOSC,BOSS,2026-05-03,1,0,0,0,0,1,3583,2926.137,1.0556049,23404,1
BOSC->BOSS,BOSC,BOSS,2026-05-04,1,0,0,0,0,1,3665,3040.693,1.0969311,23404,1
BOSC->BOSS,BOSC,BOSS,2026-05-05,1,0,0,0,0,1,4021,3049.327,1.1000458,23404,1
BOSC->BOSS,BOSC,BOSS,2026-05-06,1,0,0,0,0,1,3404,3169.836,1.1435195,23404,1
BOSC->BOSS,BOSC,BOSS,2026-05-07,1,0,0,0,0,1,3833,3169.168,1.1432785,23404,1
BOSC->BOSS,BOSC,BOSS,2026-05-08,1,0,0,0,0,1,3726,2944.819,1.0623446,23404,1
BOSC->BOSS,BOSC,BOSS,2026-05-09,1,0,0,0,0,1,3232,2987.304,1.077671,23404,1
BOSC->BOSS,BOSC,BOSS,2026-05-10,1,0,0,0,0,1,3886,3004.644,1.0839264,23404,1
BOSC->BOSS,BOSC,BOSS,2026-05-11,1,0,0,0,0,1,3396,2983.854,1.0764264,23404,1
BOSC->BOSS,BOSC,BOSS,2026-05-12,1,0,0,0,0,1,3923,2979.996,1.0750346,23404,1
BOSC->BOSS,BOSC,BOSS,2026-05-13,1,0,0,0,0,1,3430,3171.011,1.1439433,23404,1
BOSC->BOSS,BOSC,BOSS,2026-05-14,1,0,0,0,0,1,3720,3185.978,1.1493427,23404,1
BOSC->BOSS,BOSC,BOSS,2026-05-15,1,0,0,0,0,1,3890,2896.173,1.0447955,23404,1
BOSC->BOSS,BOSC,BOSS,2026-05-16,1,0,0,0,0,1,3156,2994.095,1.0801208,23404,1
BOSC->BOSS,BOSC,BOSS,2026-05-17,1,0,0,0,0,1,4010,3009.024,1.0855064,23404,1
BOSC->BOSS,BOSC,BOSS,2026-05-18,1,0,0,0,0,1,2174,1661.322,0.5993225,23404,1
BOSC->BOSS,BOSC,BOSS,2026-05-19,1,0,0,0,0,1,1261,1244.703,0.44902706,23404,1
BOSC->BOSS,BOSC,BOSS,2026-05-20,1,0,0,0,0,1,774,697.117,0.2514852,23404,1
BOSC->BOSS,BOSC,BOSS,2026-05-21,1,0,0,0,0,1,182,217.626,0.07850866,23404,1
BOSC->BOSS,BOSC,BOSS,2026-05-22,1,0,0,0,0,1,17,26.485,0.009554474,23404,1
BOSC->BOSS,BOSC,BOSS,2026-05-23,0,0,0,0,0,2,0,0.0,0.0,0,0
BOSC->BOSS,BOSC,BOSS,2026-05-24,0,0,0,0,0,2,0,0.0,0.0,0,0
BOSC->BOSS,BOSC,BOSS,2026-05-25,0,0,0,0,0,2,0,0.0,0.0,0,0
BOSC->BOSS,BOSC,BOSS,2026-05-26,0,0,0,0,0,2,0,0.0,0.0,0,0
BOSC->BOSS,BOSC,BOSS,2026-05-27,0,0,0,0,0,1,0,0.0,0.0,0,0
BOSC->HRTF,BOSC,HRTF,2026-04-27,0,0,0,0,0,1,0,0.0,0.0,0,0
BOSC->HRTF,BOSC,HRTF,2026-04-28,1,0,0,0,0,1,486,404.142,0.14579438,32138,1
BOSC->HRTF,BOSC,HRTF,2026-04-29,1,0,0,0,0,1,1846,1573.289,0.56756455,32138,1
BOSC->HRTF,BOSC,HRTF,2026-04-30,1,0,0,0,0,1,3039,2331.832,0.84120923,32138,1
BOSC->HRTF,BOSC,HRTF,2026-05-01,1,0,0,0,0,1,2828,2484.571,0.8963099,32138,1
BOSC->HRTF,BOSC,HRTF,2026-05-02,1,0,0,0,0,1,2500,2326.947,0.83944696,32138,1
BOSC->HRTF,BOSC,HRTF,2026-05-03,1,0,0,0,0,1,2988,2449.645,0.8837103,32138,1
BOSC->HRTF,BOSC,HRTF,2026-05-04,1,0,0,0,0,1,2965,2447.049,0.8827738,32138,1
BOSC->HRTF,BOSC,HRTF,2026-05-05,1,0,0,0,0,1,3450,2756.526,0.9944177,32138,1
BOSC->HRTF,BOSC,HRTF,2026-05-06,1,0,0,0,0,1,2626,2435.716,0.8786854,32138,1
BOSC->HRTF,BOSC,HRTF,2026-05-07,1,0,0,0,0,1,3069,2435.746,0.87869626,32138,1
BOSC->HRTF,BOSC,HRTF,2026-05-08,1,0,0,0,0,1,3036,2356.824,0.8502251,32138,1
BOSC->HRTF,BOSC,HRTF,2026-05-09,1,0,0,0,0,1,2570,2455.366,0.8857742,32138,1
BOSC->HRTF,BOSC,HRTF,2026-05-10,1,0,0,0,0,1,3204,2432.877,0.8776612,32138,1
BOSC->HRTF,BOSC,HRTF,2026-05-11,1,0,0,0,0,1,2724,2419.539,0.8728496,32138,1
BOSC->HRTF,BOSC,HRTF,2026-05-12,1,0,0,0,0,1,3247,2420.034,0.87302816,32138,1
BOSC->HRTF,BOSC,HRTF,2026-05-13,1,0,0,0,0,1,2900,2837.392,1.0235902,32138,1
BOSC->HRTF,BOSC,HRTF,2026-05-14,1,0,0,0,0,1,2934,2396.579,0.86456674,32138,1
BOSC->HRTF,BOSC,HRTF,2026-05-15,1,0,0,0,0,1,3183,2388.315,0.8615855,32138,1
BOSC->HRTF,BOSC,HRTF,2026-05-16,1,0,0,0,0,1,2506,2381.55,0.85914505,32138,1
BOSC->HRTF,BOSC,HRTF,2026-05-17,1,0,0,0,0,1,3213,2362.034,0.8521046,32138,1
BOSC->HRTF,BOSC,HRTF,2026-05-18,1,0,0,0,0,1,1838,1432.294,0.51670057,32138,1
BOSC->HRTF,BOSC,HRTF,2026-05-19,1,0,0,0,0,1,1132,1084.801,0.39134234,32138,1
BOSC->HRTF,BOSC,HRTF,2026-05-20,1,0,0,0,0,1,677,618.758,0.22321717,32138,1
BOSC->HRTF,BOSC,HRTF,2026-05-21,1,0,0,0,0,1,137,165.382,0.059661616,32138,1
BOSC->HRTF,BOSC,HRTF,2026-05-22,1,0,0,0,0,1,17,23.002,0.00829798,32138,1
BOSC->HRTF,BOSC,HRTF,2026-05-23,0,0,0,0,0,2,0,0.0,0.0,0,0
BOSC->HRTF,BOSC,HRTF,2026-05-24,0,0,0,0,0,2,0,0.0,0.0,0,0
BOSC->HRTF,BOSC,HRTF,2026-05-25,0,0,0,0,0,2,0,0.0,0.0,0,0
BOSC->HRTF,BOSC,HRTF,2026-05-26,0,0,0,0,0,2,0,0.0,0.0,0,0
BOSC->HRTF,BOSC,HRTF,2026-05-27,0,0,0,0,0,1,0,0.0,0.0,0,0
BOSC->NJSC,BOSC,NJSC,2026-04-27,0,0,0,0,0,1,0,0.0,0.0,0,0
BOSC->NJSC,BOSC,NJSC,2026-04-28,1,0,0,0,0,1,1438,1201.361,0.43339142,64654,1
BOSC->NJSC,BOSC,NJSC,2026-04-29,1,0,0,0,0,1,1573,1311.161,0.4730018,64654,1
BOSC->NJSC,BOSC,NJSC,2026-04-30,1,0,0,0,0,1,1343,1121.921,0.40473342,64654,1
BOSC->NJSC,BOSC,NJSC,2026-05-01,1,0,0,0,0,1,1216,1022.0,0.36868685,64654,1
BOSC->NJSC,BOSC,NJSC,2026-05-02,1,0,0,0,0,1,1605,1341.531,0.4839578,64654,1
BOSC->NJSC,BOSC,NJSC,2026-05-03,1,0,0,0,0,1,1528,1268.951,0.45777452,64654,1
BOSC->NJSC,BOSC,NJSC,2026-05-04,1,0,0,0,0,1,1459,1217.374,0.4391681,64654,1
BOSC->NJSC,BOSC,NJSC,2026-05-05,1,0,0,0,0,1,1457,1231.268,0.44418037,64654,1
BOSC->NJSC,BOSC,NJSC,2026-05-06,1,0,0,0,0,1,1580,1320.044,0.47620636,64654,1
BOSC->NJSC,BOSC,NJSC,2026-05-07,1,0,0,0,0,1,1338,1114.85,0.40218255,64654,1
BOSC->NJSC,BOSC,NJSC,2026-05-08,1,0,0,0,0,1,1226,1024.265,0.36950397,64654,1
BOSC->NJSC,BOSC,NJSC,2026-05-09,1,0,0,0,0,1,1594,1337.518,0.4825101,64654,1
BOSC->NJSC,BOSC,NJSC,2026-05-10,1,0,0,0,0,1,1537,1279.687,0.46164754,64654,1
BOSC->NJSC,BOSC,NJSC,2026-05-11,1,0,0,0,0,1,1462,1215.731,0.4385754,64654,1
BOSC->NJSC,BOSC,NJSC,2026-05-12,1,0,0,0,0,1,1459,1224.58,0.44176766,64654,1
BOSC->NJSC,BOSC,NJSC,2026-05-13,1,0,0,0,0,1,1590,1334.294,0.48134705,64654,1
BOSC->NJSC,BOSC,NJSC,2026-05-14,1,0,0,0,0,1,1329,1109.194,0.40014213,64654,1
BOSC->NJSC,BOSC,NJSC,2026-05-15,1,0,0,0,0,1,1227,1025.987,0.37012517,64654,1
BOSC->NJSC,BOSC,NJSC,2026-05-16,1,0,0,0,0,1,1586,1330.333,0.47991812,64654,1
BOSC->NJSC,BOSC,NJSC,2026-05-17,1,0,0,0,0,1,1538,1289.934,0.46534416,64654,1
BOSC->NJSC,BOSC,NJSC,2026-05-18,1,0,0,0,0,1,30,18.615,0.006715368,64654,1
BOSC->NJSC,BOSC,NJSC,2026-05-19,0,0,0,0,0,2,0,0.0,0.0,0,0
BOSC->NJSC,BOSC,NJSC,2026-05-20,0,0,0,0,0,2,0,0.0,0.0,0,0
BOSC->NJSC,BOSC,NJSC,2026-05-21,0,0,0,0,0,2,0,0.0,0.0,0,0
BOSC->NJSC,BOSC,NJSC,2026-05-22,0,0,0,0,0,2,0,0.0,0.0,0,0
BOSC->NJSC,BOSC,NJSC,2026-05-23,0,0,0,0,0,2,0,0.0,0.0,0,0
BOSC->NJSC,BOSC,NJSC,2026-05-24,0,0,0,0,0,2,0,0.0,0.0,0,0
BOSC->NJSC,BOSC,NJSC,2026-05-25,0,0,0,0,0,2,0,0.0,0.0,0,0
BOSC->NJSC,BOSC,NJSC,2026-05-26,0,0,0,0,0,2,0,0.0,0.0,0,0
BOSC->NJSC,BOSC,NJSC,2026-05-27,0,0,0,0,0,1,0,0.0,0.0,0,0
BOSC->PORT,BOSC,PORT,2026-04-27,0,0,0,0,0,1,0,0.0,0.0,0,0
BOSC->PORT,BOSC,PORT,2026-04-28,1,0,0,0,0,1,317,265.656,0.0958355,45426,1
BOSC->PORT,BOSC,PORT,2026-04-29,1,0,0,0,0,1,987,827.053,0.29835966,45426,1
BOSC->PORT,BOSC,PORT,2026-04-30,1,0,0,0,0,1,1734,1371.483,0.494763,45426,1
BOSC->PORT,BOSC,PORT,2026-05-01,1,0,0,0,0,1,1356,1217.409,0.43918073,45426,1
BOSC->PORT,BOSC,PORT,2026-05-02,1,0,0,0,0,1,1297,1182.655,0.42664322,45426,1
BOSC->PORT,BOSC,PORT,2026-05-03,1,0,0,0,0,1,1518,1226.585,0.442491,45426,1
BOSC->PORT,BOSC,PORT,2026-05-04,1,0,0,0,0,1,1538,1255.835,0.45304292,45426,1
BOSC->PORT,BOSC,PORT,2026-05-05,1,0,0,0,0,1,1778,1416.157,0.51087916,45426,1
BOSC->PORT,BOSC,PORT,2026-05-06,1,0,0,0,0,1,1372,1290.292,0.4654733,45426,1
BOSC->PORT,BOSC,PORT,2026-05-07,1,0,0,0,0,1,1531,1216.607,0.4388914,45426,1
BOSC->PORT,BOSC,PORT,2026-05-08,1,0,0,0,0,1,1600,1252.024,0.4516681,45426,1
BOSC->PORT,BOSC,PORT,2026-05-09,1,0,0,0,0,1,1338,1256.434,0.45325902,45426,1
BOSC->PORT,BOSC,PORT,2026-05-10,1,0,0,0,0,1,1628,1255.699,0.45299387,45426,1
BOSC->PORT,BOSC,PORT,2026-05-11,1,0,0,0,0,1,1445,1271.672,0.45875612,45426,1
BOSC->PORT,BOSC,PORT,2026-05-12,1,0,0,0,0,1,1649,1229.252,0.4434531,45426,1
BOSC->PORT,BOSC,PORT,2026-05-13,1,0,0,0,0,1,1505,1450.405,0.5232341,45426,1
BOSC->PORT,BOSC,PORT,2026-05-14,1,0,0,0,0,1,1485,1229.802,0.44365153,45426,1
BOSC->PORT,BOSC,PORT,2026-05-15,1,0,0,0,0,1,1657,1273.507,0.45941812,45426,1
BOSC->PORT,BOSC,PORT,2026-05-16,1,0,0,0,0,1,1298,1198.188,0.43224674,45426,1
BOSC->PORT,BOSC,PORT,2026-05-17,1,0,0,0,0,1,1683,1248.464,0.45038384,45426,1
BOSC->PORT,BOSC,PORT,2026-05-18,1,0,0,0,0,1,926,731.411,0.26385677,45426,1
BOSC->PORT,BOSC,PORT,2026-05-19,1,0,0,0,0,1,514,486.279,0.17542532,45426,1
BOSC->PORT,BOSC,PORT,2026-05-20,1,0,0,0,0,1,252,228.999,0.08261147,45426,1
BOSC->PORT,BOSC,PORT,2026-05-21,1,0,0,0,0,1,64,81.885,0.029540043,45426,1
BOSC->PORT,BOSC,PORT,2026-05-22,1,0,0,0,0,1,19,26.615,0.00960137,45426,1
BOSC->PORT,BOSC,PORT,2026-05-23,0,0,0,0,0,2,0,0.0,0.0,0,0
BOSC->PORT,BOSC,PORT,2026-05-24,0,0,0,0,0,2,0,0.0,0.0,0,0
BOSC->PORT,BOSC,PORT,2026-05-25,0,0,0,0,0,2,0,0.0,0.0,0,0
BOSC->PORT,BOSC,PORT,2026-05-26,0,0,0,0,0,2,0,0.0,0.0,0,0
BOSC->PORT,BOSC,PORT,2026-05-27,0,0,0,0,0,1,0,0.0,0.0,0,0
CBSC->ATLS,CBSC,ATLS,2026-04-27,0,0,0,0,0,1,0,0.0,0.0,0,0
CBSC->ATLS,CBSC,ATLS,2026-04-28,1,0,0,0,0,1,1423,1190.608,0.42951226,130962,1
CBSC->ATLS,CBSC,ATLS,2026-04-29,1,0,0,0,0,1,1485,1242.156,0.44810823,130962,1
CBSC->ATLS,CBSC,ATLS,2026-04-30,1,0,0,0,0,1,1254,1042.804,0.3761919,130962,1
CBSC->ATLS,CBSC,ATLS,2026-05-01,1,0,0,0,0,1,1147,961.197,0.34675217,130962,1
CBSC->ATLS,CBSC,ATLS,2026-05-02,1,0,0,0,0,1,1494,1249.494,0.45075542,130962,1
CBSC->ATLS,CBSC,ATLS,2026-05-03,1,0,0,0,0,1,1466,1233.304,0.44491488,130962,1
CBSC->ATLS,CBSC,ATLS,2026-05-04,1,0,0,0,0,1,1429,1185.434,0.42764574,130962,1
CBSC->ATLS,CBSC,ATLS,2026-05-05,1,0,0,0,0,1,1448,1215.772,0.4385902,130962,1
CBSC->ATLS,CBSC,ATLS,2026-05-06,1,0,0,0,0,1,1476,1238.29,0.44671357,130962,1
CBSC->ATLS,CBSC,ATLS,2026-05-07,1,0,0,0,0,1,1271,1052.214,0.37958658,130962,1
CBSC->ATLS,CBSC,ATLS,2026-05-08,1,0,0,0,0,1,1138,948.783,0.3422738,130962,1
CBSC->ATLS,CBSC,ATLS,2026-05-09,1,0,0,0,0,1,1484,1247.274,0.44995454,130962,1
CBSC->ATLS,CBSC,ATLS,2026-05-10,1,0,0,0,0,1,1480,1234.003,0.44516703,130962,1
CBSC->ATLS,CBSC,ATLS,2026-05-11,1,0,0,0,0,1,1412,1186.299,0.4279578,130962,1
CBSC->ATLS,CBSC,ATLS,2026-05-12,1,0,0,0,0,1,1450,1205.635,0.43493327,130962,1
CBSC->ATLS,CBSC,ATLS,2026-05-13,1,0,0,0,0,1,1484,1245.507,0.4493171,130962,1
CBSC->ATLS,CBSC,ATLS,2026-05-14,1,0,0,0,0,1,1266,1058.8,0.38196248,130962,1
CBSC->ATLS,CBSC,ATLS,2026-05-15,1,0,0,0,0,1,1145,955.965,0.34486473,130962,1
CBSC->ATLS,CBSC,ATLS,2026-05-16,1,0,0,0,0,1,1492,1244.269,0.44887048,130962,1
CBSC->ATLS,CBSC,ATLS,2026-05-17,1,0,0,0,0,1,1468,1229.978,0.443715,130962,1
CBSC->ATLS,CBSC,ATLS,2026-05-18,1,0,0,0,0,1,27,23.593,0.008511183,130962,1
CBSC->ATLS,CBSC,ATLS,2026-05-19,0,0,0,0,0,2,0,0.0,0.0,0,0
CBSC->ATLS,CBSC,ATLS,2026-05-20,0,0,0,0,0,2,0,0.0,0.0,0,0
CBSC->ATLS,CBSC,ATLS,2026-05-21,0,0,0,0,0,2,0,0.0,0.0,0,0
CBSC->ATLS,CBSC,ATLS,2026-05-22,0,0,0,0,0,2,0,0.0,0.0,0,0
CBSC->ATLS,CBSC,ATLS,2026-05-23,0,0,0,0,0,2,0,0.0,0.0,0,0
CBSC->ATLS,CBSC,ATLS,2026-05-24,0,0,0,0,0,2,0,0.0,0.0,0,0
CBSC->ATLS,CBSC,ATLS,2026-05-25,0,0,0,0,0,2,0,0.0,0.0,0,0
CBSC->ATLS,CBSC,ATLS,2026-05-26,0,0,0,0,0,2,0,0.0,0.0,0,0
CBSC->ATLS,CBSC,ATLS,2026-05-27,0,0,0,0,0,1,0,0.0,0.0,0,0
CBSC->CINC,CBSC,CINC,2026-04-27,0,0,0,0,0,1,0,0.0,0.0,0,0
CBSC->CINC,CBSC,CINC,2026-04-28,1,0,0,0,0,1,1894,1575.536,0.5683752,39024,1
CBSC->CINC,CBSC,CINC,2026-04-29,1,0,0,0,0,1,3234,2734.476,0.9864632,39024,1
CBSC->CINC,CBSC,CINC,2026-04-30,1,0,0,0,0,1,3264,2712.601,0.9785718,39024,1
CBSC->CINC,CBSC,CINC,2026-05-01,1,0,0,0,0,1,2945,2467.678,0.89021575,39024,1
CBSC->CINC,CBSC,CINC,2026-05-02,1,0,0,0,0,1,3336,2811.846,1.0143745,39024,1
CBSC->CINC,CBSC,CINC,2026-05-03,1,0,0,0,0,1,3529,2908.33,1.0491811,39024,1
CBSC->CINC,CBSC,CINC,2026-05-04,1,0,0,0,0,1,3435,2899.121,1.045859,39024,1
CBSC->CINC,CBSC,CINC,2026-05-05,1,0,0,0,0,1,3392,2823.029,1.0184088,39024,1
CBSC->CINC,CBSC,CINC,2026-05-06,1,0,0,0,0,1,3478,2879.725,1.0388619,39024,1
CBSC->CINC,CBSC,CINC,2026-05-07,1,0,0,0,0,1,3208,2706.365,0.9763222,39024,1
CBSC->CINC,CBSC,CINC,2026-05-08,1,0,0,0,0,1,2976,2482.897,0.895706,39024,1
CBSC->CINC,CBSC,CINC,2026-05-09,1,0,0,0,0,1,3321,2780.428,1.0030404,39024,1
CBSC->CINC,CBSC,CINC,2026-05-10,1,0,0,0,0,1,3524,2960.956,1.0681659,39024,1
CBSC->CINC,CBSC,CINC,2026-05-11,1,0,0,0,0,1,3454,2882.983,1.0400372,39024,1
CBSC->CINC,CBSC,CINC,2026-05-12,1,0,0,0,0,1,3378,2824.053,1.0187781,39024,1
CBSC->CINC,CBSC,CINC,2026-05-13,1,0,0,0,0,1,3475,2888.137,1.0418965,39024,1
CBSC->CINC,CBSC,CINC,2026-05-14,1,0,0,0,0,1,3246,2691.148,0.9708326,39024,1
CBSC->CINC,CBSC,CINC,2026-05-15,1,0,0,0,0,1,2939,2486.155,0.89688134,39024,1
CBSC->CINC,CBSC,CINC,2026-05-16,1,0,0,0,0,1,3353,2802.469,1.0109917,39024,1
CBSC->CINC,CBSC,CINC,2026-05-17,1,0,0,0,0,1,3502,2932.607,1.057939,39024,1
CBSC->CINC,CBSC,CINC,2026-05-18,1,0,0,0,0,1,1567,1288.109,0.4646858,39024,1
CBSC->CINC,CBSC,CINC,2026-05-19,1,0,0,0,0,1,212,190.218,0.06862121,39024,0
CBSC->CINC,CBSC,CINC,2026-05-20,1,0,0,0,0,1,7,3.772,0.0013607504,39024,0
CBSC->CINC,CBSC,CINC,2026-05-21,0,0,0,0,0,2,0,0.0,0.0,0,0
CBSC->CINC,CBSC,CINC,2026-05-22,0,0,0,0,0,2,0,0.0,0.0,0,0
CBSC->CINC,CBSC,CINC,2026-05-23,0,0,0,0,0,2,0,0.0,0.0,0,0
CBSC->CINC,CBSC,CINC,2026-05-24,0,0,0,0,0,2,0,0.0,0.0,0,0
CBSC->CINC,CBSC,CINC,2026-05-25,0,0,0,0,0,2,0,0.0,0.0,0,0
CBSC->CINC,CBSC,CINC,2026-05-26,0,0,0,0,0,2,0,0.0,0.0,0,0
CBSC->CINC,CBSC,CINC,2026-05-27,0,0,0,0,0,1,0,0.0,0.0,0,0
CBSC->CLEV,CBSC,CLEV,2026-04-27,0,0,0,0,0,1,0,0.0,0.0,0,0
CBSC->CLEV,CBSC,CLEV,2026-04-28,1,0,0,0,0,1,2349,1946.08,0.7020491,46922,1
CBSC->CLEV,CBSC,CLEV,2026-04-29,1,0,0,0,0,1,3890,3041.672,1.0972843,46922,1
CBSC->CLEV,CBSC,CLEV,2026-04-30,1,0,0,0,0,1,4059,3202.755,1.155395,46922,1
CBSC->CLEV,CBSC,CLEV,2026-05-01,1,0,0,0,0,1,3762,3186.718,1.1496097,46922,1
CBSC->CLEV,CBSC,CLEV,2026-05-02,1,0,0,1,0,0,4670,4300.252,0.7756587,93844,1
CBSC->CLEV,CBSC,CLEV,2026-05-03,1,0,0,0,0,1,4185,3208.811,1.1575798,46922,1
CBSC->CLEV,CBSC,CLEV,2026-05-04,1,0,0,0,0,1,4198,3305.513,1.192465,46922,1
CBSC->CLEV,CBSC,CLEV,2026-05-05,1,0,0,1,0,0,4887,4590.399,0.82799405,93844,1
CBSC->CLEV,CBSC,CLEV,2026-05-06,1,0,0,0,0,1,4187,3209.052,1.1576667,46922,1
CBSC->CLEV,CBSC,CLEV,2026-05-07,1,0,0,0,0,1,4030,3201.587,1.1549736,46922,1
CBSC->CLEV,CBSC,CLEV,2026-05-08,1,0,0,0,0,1,3808,3224.637,1.163289,46922,1
CBSC->CLEV,CBSC,CLEV,2026-05-09,1,0,0,1,0,0,4729,4376.636,0.7894365,93844,1
CBSC->CLEV,CBSC,CLEV,2026-05-10,1,0,0,0,0,1,4195,3209.378,1.1577842,46922,1
CBSC->CLEV,CBSC,CLEV,2026-05-11,1,0,0,0,0,1,4195,3324.186,1.1992013,46922,1
CBSC->CLEV,CBSC,CLEV,2026-05-12,1,0,0,1,0,0,4886,4554.463,0.8215121,93844,1
CBSC->CLEV,CBSC,CLEV,2026-05-13,1,0,0,0,0,1,4182,3208.751,1.1575581,46922,1
CBSC->CLEV,CBSC,CLEV,2026-05-14,1,0,0,0,0,1,4017,3200.679,1.1546462,46922,1
CBSC->CLEV,CBSC,CLEV,2026-05-15,1,0,0,0,0,1,3811,3223.294,1.1628045,46922,1
CBSC->CLEV,CBSC,CLEV,2026-05-16,1,0,0,1,0,0,4714,4360.571,0.7865388,93844,1
CBSC->CLEV,CBSC,CLEV,2026-05-17,1,0,0,0,0,1,4203,3209.774,1.1579272,46922,1
CBSC->CLEV,CBSC,CLEV,2026-05-18,1,0,0,0,0,1,2382,2264.248,0.8168283,46922,1
CBSC->CLEV,CBSC,CLEV,2026-05-19,1,0,0,0,0,1,376,305.585,0.1102399,46922,0
CBSC->CLEV,CBSC,CLEV,2026-05-20,1,0,0,0,0,1,14,12.649,0.0045631314,46922,0
CBSC->CLEV,CBSC,CLEV,2026-05-21,0,0,0,0,0,2,0,0.0,0.0,0,0
CBSC->CLEV,CBSC,CLEV,2026-05-22,0,0,0,0,0,2,0,0.0,0.0,0,0
CBSC->CLEV,CBSC,CLEV,2026-05-23,0,0,0,0,0,2,0,0.0,0.0,0,0
CBSC->CLEV,CBSC,CLEV,2026-05-24,0,0,0,0,0,2,0,0.0,0.0,0,0
CBSC->CLEV,CBSC,CLEV,2026-05-25,0,0,0,0,0,2,0,0.0,0.0,0,0
CBSC->CLEV,CBSC,CLEV,2026-05-26,0,0,0,0,0,2,0,0.0,0.0,0,0
CBSC->CLEV,CBSC,CLEV,2026-05-27,0,0,0,0,0,1,0,0.0,0.0,0,0
CBSC->CLTC,CBSC,CLTC,2026-04-27,0,0,0,0,0,1,0,0.0,0.0,0,0
CBSC->CLTC,CBSC,CLTC,2026-04-28,1,0,0,0,0,1,1870,1555.897,0.5612904,102384,1
CBSC->CLTC,CBSC,CLTC,2026-04-29,1,0,0,0,0,1,2021,1701.741,0.6139037,102384,1
CBSC->CLTC,CBSC,CLTC,2026-04-30,1,0,0,0,0,1,1704,1423.545,0.5135444,102384,1
CBSC->CLTC,CBSC,CLTC,2026-05-01,1,0,0,0,0,1,1555,1293.13,0.46649712,102384,1
CBSC->CLTC,CBSC,CLTC,2026-05-02,1,0,0,0,0,1,2067,1725.54,0.62248915,102384,1
CBSC->CLTC,CBSC,CLTC,2026-05-03,1,0,0,0,0,1,2001,1673.152,0.6035902,102384,1
CBSC->CLTC,CBSC,CLTC,2026-05-04,1,0,0,0,0,1,1861,1562.115,0.56353354,102384,1
CBSC->CLTC,CBSC,CLTC,2026-05-05,1,0,0,0,0,1,1923,1599.548,0.5770375,102384,1
CBSC->CLTC,CBSC,CLTC,2026-05-06,1,0,0,0,0,1,2015,1692.887,0.6107096,102384,1
CBSC->CLTC,CBSC,CLTC,2026-05-07,1,0,0,0,0,1,1709,1420.403,0.5124109,102384,1
CBSC->CLTC,CBSC,CLTC,2026-05-08,1,0,0,0,0,1,1557,1305.171,0.4708409,102384,1
CBSC->CLTC,CBSC,CLTC,2026-05-09,1,0,0,0,0,1,2063,1727.055,0.6230357,102384,1
CBSC->CLTC,CBSC,CLTC,2026-05-10,1,0,0,0,0,1,2015,1680.69,0.60630953,102384,1
CBSC->CLTC,CBSC,CLTC,2026-05-11,1,0,0,0,0,1,1866,1569.188,0.56608516,102384,1
CBSC->CLTC,CBSC,CLTC,2026-05-12,1,0,0,0,0,1,1912,1588.718,0.5731306,102384,1
CBSC->CLTC,CBSC,CLTC,2026-05-13,1,0,0,0,0,1,2021,1688.099,0.6089823,102384,1
CBSC->CLTC,CBSC,CLTC,2026-05-14,1,0,0,0,0,1,1705,1432.128,0.51664066,102384,1
CBSC->CLTC,CBSC,CLTC,2026-05-15,1,0,0,0,0,1,1559,1305.287,0.47088274,102384,1
CBSC->CLTC,CBSC,CLTC,2026-05-16,1,0,0,0,0,1,2048,1705.813,0.61537266,102384,1
CBSC->CLTC,CBSC,CLTC,2026-05-17,1,0,0,0,0,1,2022,1686.154,0.60828066,102384,1
CBSC->CLTC,CBSC,CLTC,2026-05-18,1,0,0,0,0,1,34,35.868,0.0129393935,102384,1
CBSC->CLTC,CBSC,CLTC,2026-05-19,0,0,0,0,0,2,0,0.0,0.0,0,0
CBSC->CLTC,CBSC,CLTC,2026-05-20,0,0,0,0,0,2,0,0.0,0.0,0,0
CBSC->CLTC,CBSC,CLTC,2026-05-21,0,0,0,0,0,2,0,0.0,0.0,0,0
CBSC->CLTC,CBSC,CLTC,2026-05-22,0,0,0,0,0,2,0,0.0,0.0,0,0
CBSC->CLTC,CBSC,CLTC,2026-05-23,0,0,0,0,0,2,0,0.0,0.0,0,0
CBSC->CLTC,CBSC,CLTC,2026-05-24,0,0,0,0,0,2,0,0.0,0.0,0,0
CBSC->CLTC,CBSC,CLTC,2026-05-25,0,0,0,0,0,2,0,0.0,0.0,0,0
CBSC->CLTC,CBSC,CLTC,2026-05-26,0,0,0,0,0,2,0,0.0,0.0,0,0
CBSC->CLTC,CBSC,CLTC,2026-05-27,0,0,0,0,0,1,0,0.0,0.0,0,0
CBSC->COLS,CBSC,COLS,2026-04-27,0,0,0,0,0,1,0,0.0,0.0,0,0
CBSC->COLS,CBSC,COLS,2026-04-28,1,0,0,0,0,1,2681,2236.598,0.80685353,17530,1
CBSC->COLS,CBSC,COLS,2026-04-29,1,0,0,0,0,1,4083,3052.479,1.1011829,17530,1
CBSC->COLS,CBSC,COLS,2026-04-30,1,0,0,0,0,1,4191,3321.804,1.198342,17530,1
CBSC->COLS,CBSC,COLS,2026-05-01,1,0,0,1,0,0,4642,4463.175,0.805046,35060,1
CBSC->COLS,CBSC,COLS,2026-05-02,1,0,0,0,0,1,4219,3210.502,1.1581898,17530,1
CBSC->COLS,CBSC,COLS,2026-05-03,1,0,0,1,0,0,5056,4492.302,0.81029975,35060,1
CBSC->COLS,CBSC,COLS,2026-05-04,1,0,0,0,0,1,4284,3212.925,1.1590638,17530,1
CBSC->COLS,CBSC,COLS,2026-05-05,1,0,0,1,0,0,5002,4551.637,0.82100236,35060,1
CBSC->COLS,CBSC,COLS,2026-05-06,1,0,0,0,0,1,4300,3213.751,1.1593618,17530,1
CBSC->COLS,CBSC,COLS,2026-05-07,1,0,0,1,0,0,4875,4454.212,0.8034293,35060,1
CBSC->COLS,CBSC,COLS,2026-05-08,1,0,0,0,0,1,3929,3195.829,1.1528965,17530,1
CBSC->COLS,CBSC,COLS,2026-05-09,1,0,0,0,0,1,4196,3209.632,1.1578759,17530,1
CBSC->COLS,CBSC,COLS,2026-05-10,1,0,0,1,0,0,5230,4769.243,0.8602531,35060,1
CBSC->COLS,CBSC,COLS,2026-05-11,1,0,0,0,0,1,4272,3212.375,1.1588655,17530,1
CBSC->COLS,CBSC,COLS,2026-05-12,1,0,0,1,0,0,5012,4547.011,0.82016796,35060,1
CBSC->COLS,CBSC,COLS,2026-05-13,1,0,0,0,0,1,4317,3214.705,1.159706,17530,1
CBSC->COLS,CBSC,COLS,2026-05-14,1,0,0,1,0,0,4816,4406.724,0.79486364,35060,1
CBSC->COLS,CBSC,COLS,2026-05-15,1,0,0,0,0,1,3919,3195.299,1.1527053,17530,1
CBSC->COLS,CBSC,COLS,2026-05-16,1,0,0,0,0,1,4232,3211.101,1.1584059,17530,1
CBSC->COLS,CBSC,COLS,2026-05-17,1,0,0,1,0,0,5195,4761.048,0.8587749,35060,1
CBSC->COLS,CBSC,COLS,2026-05-18,1,0,0,0,0,1,2003,1687.748,0.6088557,17530,1
CBSC->COLS,CBSC,COLS,2026-05-19,1,0,0,0,0,1,297,240.433,0.08673629,17530,0
CBSC->COLS,CBSC,COLS,2026-05-20,1,0,0,0,0,1,9,8.995,0.0032449495,17530,0
CBSC->COLS,CBSC,COLS,2026-05-21,0,0,0,0,0,2,0,0.0,0.0,0,0
CBSC->COLS,CBSC,COLS,2026-05-22,0,0,0,0,0,2,0,0.0,0.0,0,0
CBSC->COLS,CBSC,COLS,2026-05-23,0,0,0,0,0,2,0,0.0,0.0,0,0
CBSC->COLS,CBSC,COLS,2026-05-24,0,0,0,0,0,2,0,0.0,0.0,0,0
CBSC->COLS,CBSC,COLS,2026-05-25,0,0,0,0,0,2,0,0.0,0.0,0,0
CBSC->COLS,CBSC,COLS,2026-05-26,0,0,0,0,0,2,0,0.0,0.0,0,0
CBSC->COLS,CBSC,COLS,2026-05-27,0,0,0,0,0,1,0,0.0,0.0,0,0
CBSC->HASC,CBSC,HASC,2026-04-27,0,0,0,0,0,1,0,0.0,0.0,0,0
CBSC->HASC,CBSC,HASC,2026-04-28,1,0,0,2,0,1,11059,9237.105,1.110763,284382,1
CBSC->HASC,CBSC,HASC,2026-04-29,1,0,0,2,0,1,11865,9895.561,1.1899424,284382,1
CBSC->HASC,CBSC,HASC,2026-04-30,1,0,0,2,0,1,9991,8386.272,1.0084503,284382,1
CBSC->HASC,CBSC,HASC,2026-05-01,1,0,0,2,0,1,9050,7545.144,0.90730447,284382,1
CBSC->HASC,CBSC,HASC,2026-05-02,1,0,0,2,0,1,11938,9898.388,1.1902823,284382,1
CBSC->HASC,CBSC,HASC,2026-05-03,1,0,0,2,0,1,11739,9888.158,1.1890522,284382,1
CBSC->HASC,CBSC,HASC,2026-05-04,1,0,0,2,0,1,11177,9381.526,1.1281296,284382,1
CBSC->HASC,CBSC,HASC,2026-05-05,1,0,0,2,0,1,11284,9408.996,1.1314329,284382,1
CBSC->HASC,CBSC,HASC,2026-05-06,1,0,0,2,0,1,11836,9894.126,1.1897699,284382,1
CBSC->HASC,CBSC,HASC,2026-05-07,1,0,0,2,0,1,10018,8372.276,1.0067672,284382,1
CBSC->HASC,CBSC,HASC,2026-05-08,1,0,0,1,0,2,8544,6720.175,1.2121527,189588,1
CBSC->HASC,CBSC,HASC,2026-05-09,1,0,0,2,0,1,11979,9930.891,1.1941909,284382,0
CBSC->HASC,CBSC,HASC,2026-05-10,1,0,0,3,0,0,12251,10764.974,0.97086704,379176,1
CBSC->HASC,CBSC,HASC,2026-05-11,1,0,0,2,0,1,11115,9289.549,1.1170694,284382,1
CBSC->HASC,CBSC,HASC,2026-05-12,1,0,0,2,0,1,11262,9413.066,1.1319224,284382,1
CBSC->HASC,CBSC,HASC,2026-05-13,1,0,0,2,0,1,11872,9895.902,1.1899834,284382,1
CBSC->HASC,CBSC,HASC,2026-05-14,1,0,0,2,0,1,10007,8412.733,1.0116322,284382,1
CBSC->HASC,CBSC,HASC,2026-05-15,1,0,0,1,0,2,8563,6707.516,1.2098694,189588,1
CBSC->HASC,CBSC,HASC,2026-05-16,1,0,0,2,0,1,11957,9898.942,1.190349,284382,0
CBSC->HASC,CBSC,HASC,2026-05-17,1,0,0,3,0,0,12220,10734.397,0.96810937,379176,1
CBSC->HASC,CBSC,HASC,2026-05-18,1,0,0,0,0,3,250,231.195,0.08340368,94794,1
CBSC->HASC,CBSC,HASC,2026-05-19,0,0,0,0,0,4,0,0.0,0.0,0,0
CBSC->HASC,CBSC,HASC,2026-05-20,0,0,0,0,0,4,0,0.0,0.0,0,0
CBSC->HASC,CBSC,HASC,2026-05-21,0,0,0,0,0,4,0,0.0,0.0,0,0
CBSC->HASC,CBSC,HASC,2026-05-22,0,0,0,0,0,4,0,0.0,0.0,0,0
CBSC->HASC,CBSC,HASC,2026-05-23,0,0,0,0,0,4,0,0.0,0.0,0,0
CBSC->HASC,CBSC,HASC,2026-05-24,0,0,0,0,0,4,0,0.0,0.0,0,0
CBSC->HASC,CBSC,HASC,2026-05-25,0,0,0,0,0,4,0,0.0,0.0,0,0
CBSC->HASC,CBSC,HASC,2026-05-26,0,0,0,0,0,4,0,0.0,0.0,0,0
CBSC->HASC,CBSC,HASC,2026-05-27,0,0,0,0,0,3,0,0.0,0.0,0,0
CBSC->RICH,CBSC,RICH,2026-04-27,0,0,0,0,0,1,0,0.0,0.0,0,0
CBSC->RICH,CBSC,RICH,2026-04-28,1,0,0,0,0,1,546,455.757,0.1644145,102868,1
CBSC->RICH,CBSC,RICH,2026-04-29,1,0,0,0,0,1,597,497.201,0.17936544,102868,1
CBSC->RICH,CBSC,RICH,2026-04-30,1,0,0,0,0,1,513,426.608,0.15389898,102868,1
CBSC->RICH,CBSC,RICH,2026-05-01,1,0,0,0,0,1,450,382.466,0.13797475,102868,1
CBSC->RICH,CBSC,RICH,2026-05-02,1,0,0,0,0,1,607,508.588,0.1834733,102868,1
CBSC->RICH,CBSC,RICH,2026-05-03,1,0,0,0,0,1,585,490.145,0.17681998,102868,1
CBSC->RICH,CBSC,RICH,2026-05-04,1,0,0,0,0,1,548,452.937,0.1633972,102868,1
CBSC->RICH,CBSC,RICH,2026-05-05,1,0,0,0,0,1,552,459.481,0.16575794,102868,1
CBSC->RICH,CBSC,RICH,2026-05-06,1,0,0,0,0,1,600,504.184,0.18188456,102868,1
CBSC->RICH,CBSC,RICH,2026-05-07,1,0,0,0,0,1,516,433.576,0.1564127,102868,1
CBSC->RICH,CBSC,RICH,2026-05-08,1,0,0,0,0,1,438,364.806,0.1316039,102868,1
CBSC->RICH,CBSC,RICH,2026-05-09,1,0,0,0,0,1,623,521.334,0.18807143,102868,1
CBSC->RICH,CBSC,RICH,2026-05-10,1,0,0,0,0,1,576,484.572,0.17480953,102868,1
CBSC->RICH,CBSC,RICH,2026-05-11,1,0,0,0,0,1,548,451.226,0.16277994,102868,1
CBSC->RICH,CBSC,RICH,2026-05-12,1,0,0,0,0,1,554,469.827,0.16949026,102868,1
CBSC->RICH,CBSC,RICH,2026-05-13,1,0,0,0,0,1,598,495.544,0.17876768,102868,1
CBSC->RICH,CBSC,RICH,2026-05-14,1,0,0,0,0,1,518,437.094,0.15768182,102868,1
CBSC->RICH,CBSC,RICH,2026-05-15,1,0,0,0,0,1,440,368.318,0.13287085,102868,1
CBSC->RICH,CBSC,RICH,2026-05-16,1,0,0,0,0,1,614,510.642,0.18421428,102868,1
CBSC->RICH,CBSC,RICH,2026-05-17,1,0,0,0,0,1,584,488.389,0.1761865,102868,1
CBSC->RICH,CBSC,RICH,2026-05-18,1,0,0,0,0,1,10,7.328,0.0026435787,102868,1
CBSC->RICH,CBSC,RICH,2026-05-19,0,0,0,0,0,2,0,0.0,0.0,0,0
CBSC->RICH,CBSC,RICH,2026-05-20,0,0,0,0,0,2,0,0.0,0.0,0,0
CBSC->RICH,CBSC,RICH,2026-05-21,0,0,0,0,0,2,0,0.0,0.0,0,0
CBSC->RICH,CBSC,RICH,2026-05-22,0,0,0,0,0,2,0,0.0,0.0,0,0
CBSC->RICH,CBSC,RICH,2026-05-23,0,0,0,0,0,2,0,0.0,0.0,0,0
CBSC->RICH,CBSC,RICH,2026-05-24,0,0,0,0,0,2,0,0.0,0.0,0,0
CBSC->RICH,CBSC,RICH,2026-05-25,0,0,0,0,0,2,0,0.0,0.0,0,0
CBSC->RICH,CBSC,RICH,2026-05-26,0,0,0,0,0,2,0,0.0,0.0,0,0
CBSC->RICH,CBSC,RICH,2026-05-27,0,0,0,0,0,1,0,0.0,0.0,0,0
CHAR->CLTC,CHAR,CLTC,2026-04-27,0,0,0,0,0,1,0,0.0,0.0,0,0
CHAR->CLTC,CHAR,CLTC,2026-04-28,1,0,0,0,0,1,1401,1170.519,0.42226514,19796,1
CHAR->CLTC,CHAR,CLTC,2026-04-29,1,0,0,0,0,1,1475,1231.996,0.444443,19796,1
CHAR->CLTC,CHAR,CLTC,2026-04-30,1,0,0,0,0,1,1312,1093.4,0.39444444,19796,1
CHAR->CLTC,CHAR,CLTC,2026-05-01,1,0,0,0,0,1,1152,967.777,0.3491259,19796,1
CHAR->CLTC,CHAR,CLTC,2026-05-02,1,0,0,0,0,1,1537,1279.216,0.46147764,19796,1
CHAR->CLTC,CHAR,CLTC,2026-05-03,1,0,0,0,0,1,1476,1235.326,0.4456443,19796,1
CHAR->CLTC,CHAR,CLTC,2026-05-04,1,0,0,0,0,1,1422,1192.687,0.43026227,19796,1
CHAR->CLTC,CHAR,CLTC,2026-05-05,1,0,0,0,0,1,1425,1193.972,0.43072584,19796,1
CHAR->CLTC,CHAR,CLTC,2026-05-06,1,0,0,0,0,1,1484,1240.959,0.44767642,19796,1
CHAR->CLTC,CHAR,CLTC,2026-05-07,1,0,0,0,0,1,1291,1076.965,0.3885155,19796,1
CHAR->CLTC,CHAR,CLTC,2026-05-08,1,0,0,0,0,1,1158,973.217,0.35108837,19796,1
CHAR->CLTC,CHAR,CLTC,2026-05-09,1,0,0,0,0,1,1535,1280.845,0.4620653,19796,1
CHAR->CLTC,CHAR,CLTC,2026-05-10,1,0,0,0,0,1,1487,1235.905,0.44585317,19796,1
CHAR->CLTC,CHAR,CLTC,2026-05-11,1,0,0,0,0,1,1415,1188.872,0.428886,19796,1
CHAR->CLTC,CHAR,CLTC,2026-05-12,1,0,0,0,0,1,1422,1181.869,0.42635965,19796,1
CHAR->CLTC,CHAR,CLTC,2026-05-13,1,0,0,0,0,1,1490,1256.663,0.45334163,19796,1
CHAR->CLTC,CHAR,CLTC,2026-05-14,1,0,0,0,0,1,1292,1075.248,0.3878961,19796,1
CHAR->CLTC,CHAR,CLTC,2026-05-15,1,0,0,0,0,1,1161,973.392,0.35115153,19796,1
CHAR->CLTC,CHAR,CLTC,2026-05-16,1,0,0,0,0,1,1539,1286.16,0.46398267,19796,1
CHAR->CLTC,CHAR,CLTC,2026-05-17,1,0,0,0,0,1,1473,1228.374,0.44313636,19796,1
CHAR->CLTC,CHAR,CLTC,2026-05-18,1,0,0,0,0,1,31,25.467,0.009187229,19796,1
CHAR->CLTC,CHAR,CLTC,2026-05-19,0,0,0,0,0,2,0,0.0,0.0,0,0
CHAR->CLTC,CHAR,CLTC,2026-05-20,0,0,0,0,0,2,0,0.0,0.0,0,0
CHAR->CLTC,CHAR,CLTC,2026-05-21,0,0,0,0,0,2,0,0.0,0.0,0,0
CHAR->CLTC,CHAR,CLTC,2026-05-22,0,0,0,0,0,2,0,0.0,0.0,0,0
CHAR->CLTC,CHAR,CLTC,2026-05-23,0,0,0,0,0,2,0,0.0,0.0,0,0
CHAR->CLTC,CHAR,CLTC,2026-05-24,0,0,0,0,0,2,0,0.0,0.0,0,0
CHAR->CLTC,CHAR,CLTC,2026-05-25,0,0,0,0,0,2,0,0.0,0.0,0,0
CHAR->CLTC,CHAR,CLTC,2026-05-26,0,0,0,0,0,2,0,0.0,0.0,0,0
CHAR->CLTC,CHAR,CLTC,2026-05-27,0,0,0,0,0,1,0,0.0,0.0,0,0
CLTC->ATLS,CLTC,ATLS,2026-04-27,0,0,0,0,0,1,0,0.0,0.0,0,0
CLTC->ATLS,CLTC,ATLS,2026-04-28,1,0,0,0,0,1,1113,929.21,0.33521286,80362,1
CLTC->ATLS,CLTC,ATLS,2026-04-29,1,0,0,0,0,1,2810,2362.418,0.8522431,80362,1
CLTC->ATLS,CLTC,ATLS,2026-04-30,1,0,0,0,0,1,3008,2288.808,0.8256883,80362,1
CLTC->ATLS,CLTC,ATLS,2026-05-01,1,0,0,0,0,1,3195,2927.182,1.055982,80362,1
CLTC->ATLS,CLTC,ATLS,2026-05-02,1,0,0,0,0,1,2861,2274.588,0.8205584,80362,1
CLTC->ATLS,CLTC,ATLS,2026-05-03,1,0,0,0,0,1,3077,2416.781,0.8718546,80362,1
CLTC->ATLS,CLTC,ATLS,2026-05-04,1,0,0,0,0,1,3578,3178.699,1.1467168,80362,1
CLTC->ATLS,CLTC,ATLS,2026-05-05,1,0,0,0,0,1,3170,2513.222,0.9066457,80362,1
CLTC->ATLS,CLTC,ATLS,2026-05-06,1,0,0,0,0,1,3521,3143.379,1.1339751,80362,1
CLTC->ATLS,CLTC,ATLS,2026-05-07,1,0,0,0,0,1,2981,2224.139,0.8023589,80362,1
CLTC->ATLS,CLTC,ATLS,2026-05-08,1,0,0,0,0,1,3188,2974.789,1.0731562,80362,1
CLTC->ATLS,CLTC,ATLS,2026-05-09,1,0,0,0,0,1,2920,2325.418,0.8388954,80362,1
CLTC->ATLS,CLTC,ATLS,2026-05-10,1,0,0,0,0,1,3085,2394.996,0.8639957,80362,1
CLTC->ATLS,CLTC,ATLS,2026-05-11,1,0,0,0,0,1,3548,3177.164,1.1461631,80362,1
CLTC->ATLS,CLTC,ATLS,2026-05-12,1,0,0,0,0,1,3171,2456.906,0.8863297,80362,1
CLTC->ATLS,CLTC,ATLS,2026-05-13,1,0,0,0,0,1,3535,3176.554,1.145943,80362,1
CLTC->ATLS,CLTC,ATLS,2026-05-14,1,0,0,0,0,1,2997,2296.688,0.828531,80362,1
CLTC->ATLS,CLTC,ATLS,2026-05-15,1,0,0,0,0,1,3222,2954.25,1.0657468,80362,1
CLTC->ATLS,CLTC,ATLS,2026-05-16,1,0,0,0,0,1,2887,2308.442,0.8327713,80362,1
CLTC->ATLS,CLTC,ATLS,2026-05-17,1,0,0,0,0,1,3075,2401.313,0.86627454,80362,1
CLTC->ATLS,CLTC,ATLS,2026-05-18,1,0,0,0,0,1,2516,2352.567,0.8486894,80362,1
CLTC->ATLS,CLTC,ATLS,2026-05-19,1,0,0,0,0,1,523,409.086,0.14757793,80362,1
CLTC->ATLS,CLTC,ATLS,2026-05-20,1,0,0,0,0,1,21,19.857,0.00716342,80362,0
CLTC->ATLS,CLTC,ATLS,2026-05-21,0,0,0,0,0,2,0,0.0,0.0,0,0
CLTC->ATLS,CLTC,ATLS,2026-05-22,0,0,0,0,0,2,0,0.0,0.0,0,0
CLTC->ATLS,CLTC,ATLS,2026-05-23,0,0,0,0,0,2,0,0.0,0.0,0,0
CLTC->ATLS,CLTC,ATLS,2026-05-24,0,0,0,0,0,2,0,0.0,0.0,0,0
CLTC->ATLS,CLTC,ATLS,2026-05-25,0,0,0,0,0,2,0,0.0,0.0,0,0
CLTC->ATLS,CLTC,ATLS,2026-05-26,0,0,0,0,0,2,0,0.0,0.0,0,0
CLTC->ATLS,CLTC,ATLS,2026-05-27,0,0,0,0,0,1,0,0.0,0.0,0,0
CLTC->CBSC,CLTC,CBSC,2026-04-27,0,0,0,0,0,1,0,0.0,0.0,0,0
CLTC->CBSC,CLTC,CBSC,2026-04-28,1,0,0,0,0,1,820,686.792,0.24776046,102384,1
CLTC->CBSC,CLTC,CBSC,2026-04-29,1,0,0,0,0,1,887,740.089,0.26698738,102384,1
CLTC->CBSC,CLTC,CBSC,2026-04-30,1,0,0,0,0,1,769,646.745,0.23331349,102384,1
CLTC->CBSC,CLTC,CBSC,2026-05-01,1,0,0,0,0,1,683,568.811,0.20519878,102384,1
CLTC->CBSC,CLTC,CBSC,2026-05-02,1,0,0,0,0,1,886,731.287,0.26381204,102384,1
CLTC->CBSC,CLTC,CBSC,2026-05-03,1,0,0,0,0,1,879,745.812,0.26905194,102384,1
CLTC->CBSC,CLTC,CBSC,2026-05-04,1,0,0,0,0,1,845,698.548,0.25200143,102384,1
CLTC->CBSC,CLTC,CBSC,2026-05-05,1,0,0,0,0,1,840,703.177,0.25367135,102384,1
CLTC->CBSC,CLTC,CBSC,2026-05-06,1,0,0,0,0,1,877,736.202,0.26558512,102384,1
CLTC->CBSC,CLTC,CBSC,2026-05-07,1,0,0,0,0,1,766,641.414,0.23139033,102384,1
CLTC->CBSC,CLTC,CBSC,2026-05-08,1,0,0,0,0,1,693,579.6,0.2090909,102384,1
CLTC->CBSC,CLTC,CBSC,2026-05-09,1,0,0,0,0,1,893,743.582,0.2682475,102384,1
CLTC->CBSC,CLTC,CBSC,2026-05-10,1,0,0,0,0,1,873,735.267,0.26524782,102384,1
CLTC->CBSC,CLTC,CBSC,2026-05-11,1,0,0,0,0,1,845,700.274,0.2526241,102384,1
CLTC->CBSC,CLTC,CBSC,2026-05-12,1,0,0,0,0,1,846,712.011,0.25685823,102384,1
CLTC->CBSC,CLTC,CBSC,2026-05-13,1,0,0,0,0,1,874,720.672,0.25998268,102384,1
CLTC->CBSC,CLTC,CBSC,2026-05-14,1,0,0,0,0,1,756,637.469,0.22996718,102384,1
CLTC->CBSC,CLTC,CBSC,2026-05-15,1,0,0,0,0,1,696,583.183,0.21038347,102384,1
CLTC->CBSC,CLTC,CBSC,2026-05-16,1,0,0,0,0,1,892,753.795,0.27193183,102384,1
CLTC->CBSC,CLTC,CBSC,2026-05-17,1,0,0,0,0,1,868,709.393,0.2559138,102384,1
CLTC->CBSC,CLTC,CBSC,2026-05-18,1,0,0,0,0,1,21,26.665,0.009619408,102384,1
CLTC->CBSC,CLTC,CBSC,2026-05-19,0,0,0,0,0,2,0,0.0,0.0,0,0
CLTC->CBSC,CLTC,CBSC,2026-05-20,0,0,0,0,0,2,0,0.0,0.0,0,0
CLTC->CBSC,CLTC,CBSC,2026-05-21,0,0,0,0,0,2,0,0.0,0.0,0,0
CLTC->CBSC,CLTC,CBSC,2026-05-22,0,0,0,0,0,2,0,0.0,0.0,0,0
CLTC->CBSC,CLTC,CBSC,2026-05-23,0,0,0,0,0,2,0,0.0,0.0,0,0
CLTC->CBSC,CLTC,CBSC,2026-05-24,0,0,0,0,0,2,0,0.0,0.0,0,0
CLTC->CBSC,CLTC,CBSC,2026-05-25,0,0,0,0,0,2,0,0.0,0.0,0,0
CLTC->CBSC,CLTC,CBSC,2026-05-26,0,0,0,0,0,2,0,0.0,0.0,0,0
CLTC->CBSC,CLTC,CBSC,2026-05-27,0,0,0,0,0,1,0,0.0,0.0,0,0
CLTC->CHAR,CLTC,CHAR,2026-04-27,0,0,0,0,0,1,0,0.0,0.0,0,0
CLTC->CHAR,CLTC,CHAR,2026-04-28,1,0,0,0,0,1,3101,2619.423,0.9449578,19796,1
CLTC->CHAR,CLTC,CHAR,2026-04-29,1,0,0,0,0,1,5233,3109.325,1.1216902,19796,1
CLTC->CHAR,CLTC,CHAR,2026-04-30,1,0,0,1,0,0,6846,6642.985,1.1982297,39592,0
CLTC->CHAR,CLTC,CHAR,2026-05-01,1,0,0,0,0,1,4737,3254.921,1.1742139,19796,0
CLTC->CHAR,CLTC,CHAR,2026-05-02,1,0,0,1,0,0,7206,6509.759,1.174199,39592,0
CLTC->CHAR,CLTC,CHAR,2026-05-03,1,0,0,0,0,1,5411,3269.107,1.1793315,19796,0
CLTC->CHAR,CLTC,CHAR,2026-05-04,1,0,0,1,0,0,6876,6495.276,1.1715866,39592,0
CLTC->CHAR,CLTC,CHAR,2026-05-05,1,0,0,1,0,0,7086,6504.144,1.1731862,39592,0
CLTC->CHAR,CLTC,CHAR,2026-05-06,1,0,0,1,0,0,7342,6338.572,1.143321,39592,0
CLTC->CHAR,CLTC,CHAR,2026-05-07,1,0,0,0,0,1,4858,3242.173,1.169615,19796,1
CLTC->CHAR,CLTC,CHAR,2026-05-08,1,0,0,1,0,0,6732,6637.959,1.1973231,39592,0
CLTC->CHAR,CLTC,CHAR,2026-05-09,1,0,0,0,0,1,5314,3265.111,1.17789,19796,1
CLTC->CHAR,CLTC,CHAR,2026-05-10,1,0,0,1,0,0,7324,6668.156,1.2027699,39592,0
CLTC->CHAR,CLTC,CHAR,2026-05-11,1,0,0,1,0,0,7038,6321.597,1.1402591,39592,0
CLTC->CHAR,CLTC,CHAR,2026-05-12,1,0,0,0,0,1,5227,3260.614,1.1762676,19796,1
CLTC->CHAR,CLTC,CHAR,2026-05-13,1,0,0,1,0,0,7182,6509.515,1.174155,39592,0
CLTC->CHAR,CLTC,CHAR,2026-05-14,1,0,0,1,0,0,6634,6213.487,1.1207589,39592,0
CLTC->CHAR,CLTC,CHAR,2026-05-15,1,0,0,0,0,1,4725,3235.752,1.1672987,19796,1
CLTC->CHAR,CLTC,CHAR,2026-05-16,1,0,0,1,0,0,7166,6507.607,1.1738108,39592,0
CLTC->CHAR,CLTC,CHAR,2026-05-17,1,0,0,0,0,1,5400,3268.8,1.1792208,19796,1
CLTC->CHAR,CLTC,CHAR,2026-05-18,1,0,0,1,0,0,4760,5542.61,0.9997493,39592,0
CLTC->CHAR,CLTC,CHAR,2026-05-19,1,0,0,0,0,1,608,590.771,0.21312085,19796,1
CLTC->CHAR,CLTC,CHAR,2026-05-20,1,0,0,0,0,1,7,5.474,0.0019747475,19796,0
CLTC->CHAR,CLTC,CHAR,2026-05-21,0,0,0,0,0,2,0,0.0,0.0,0,0
CLTC->CHAR,CLTC,CHAR,2026-05-22,0,0,0,0,0,2,0,0.0,0.0,0,0
CLTC->CHAR,CLTC,CHAR,2026-05-23,0,0,0,0,0,2,0,0.0,0.0,0,0
CLTC->CHAR,CLTC,CHAR,2026-05-24,0,0,0,0,0,2,0,0.0,0.0,0,0
CLTC->CHAR,CLTC,CHAR,2026-05-25,0,0,0,0,0,2,0,0.0,0.0,0,0
CLTC->CHAR,CLTC,CHAR,2026-05-26,0,0,0,0,0,2,0,0.0,0.0,0,0
CLTC->CHAR,CLTC,CHAR,2026-05-27,0,0,0,0,0,1,0,0.0,0.0,0,0
CLTC->GSBO,CLTC,GSBO,2026-04-27,0,0,0,0,0,1,0,0.0,0.0,0,0
CLTC->GSBO,CLTC,GSBO,2026-04-28,1,0,0,0,0,1,1093,923.858,0.3332821,32116,1
CLTC->GSBO,CLTC,GSBO,2026-04-29,1,0,0,0,0,1,2774,2238.818,0.8076544,32116,1
CLTC->GSBO,CLTC,GSBO,2026-04-30,1,0,0,0,0,1,2742,2299.134,0.8294134,32116,1
CLTC->GSBO,CLTC,GSBO,2026-05-01,1,0,0,0,0,1,2640,2301.407,0.8302334,32116,1
CLTC->GSBO,CLTC,GSBO,2026-05-02,1,0,0,0,0,1,2717,2136.565,0.7707666,32116,1
CLTC->GSBO,CLTC,GSBO,2026-05-03,1,0,0,0,0,1,3007,2439.977,0.88022256,32116,1
CLTC->GSBO,CLTC,GSBO,2026-05-04,1,0,0,0,0,1,3054,2725.491,0.9832219,32116,1
CLTC->GSBO,CLTC,GSBO,2026-05-05,1,0,0,0,0,1,2791,2260.535,0.8154888,32116,1
CLTC->GSBO,CLTC,GSBO,2026-05-06,1,0,0,0,0,1,3125,2608.778,0.9411176,32116,1
CLTC->GSBO,CLTC,GSBO,2026-05-07,1,0,0,0,0,1,2693,2243.641,0.8093943,32116,1
CLTC->GSBO,CLTC,GSBO,2026-05-08,1,0,0,0,0,1,2669,2357.647,0.850522,32116,1
CLTC->GSBO,CLTC,GSBO,2026-05-09,1,0,0,0,0,1,2746,2148.272,0.7749899,32116,1
CLTC->GSBO,CLTC,GSBO,2026-05-10,1,0,0,0,0,1,2983,2440.463,0.8803979,32116,1
CLTC->GSBO,CLTC,GSBO,2026-05-11,1,0,0,0,0,1,3129,2688.253,0.96978825,32116,1
CLTC->GSBO,CLTC,GSBO,2026-05-12,1,0,0,0,0,1,2802,2279.881,0.82246786,32116,1
CLTC->GSBO,CLTC,GSBO,2026-05-13,1,0,0,0,0,1,3045,2620.176,0.9452294,32116,1
CLTC->GSBO,CLTC,GSBO,2026-05-14,1,0,0,0,0,1,2722,2296.337,0.8284044,32116,1
CLTC->GSBO,CLTC,GSBO,2026-05-15,1,0,0,0,0,1,2620,2268.049,0.8181995,32116,1
CLTC->GSBO,CLTC,GSBO,2026-05-16,1,0,0,0,0,1,2754,2181.121,0.7868402,32116,1
CLTC->GSBO,CLTC,GSBO,2026-05-17,1,0,0,0,0,1,2989,2435.65,0.87866163,32116,1
CLTC->GSBO,CLTC,GSBO,2026-05-18,1,0,0,0,0,1,1918,1757.551,0.63403714,32116,1
CLTC->GSBO,CLTC,GSBO,2026-05-19,1,0,0,0,0,1,266,235.26,0.08487013,32116,1
CLTC->GSBO,CLTC,GSBO,2026-05-20,1,0,0,0,0,1,10,7.328,0.0026435787,32116,0
CLTC->GSBO,CLTC,GSBO,2026-05-21,0,0,0,0,0,2,0,0.0,0.0,0,0
CLTC->GSBO,CLTC,GSBO,2026-05-22,0,0,0,0,0,2,0,0.0,0.0,0,0
CLTC->GSBO,CLTC,GSBO,2026-05-23,0,0,0,0,0,2,0,0.0,0.0,0,0
CLTC->GSBO,CLTC,GSBO,2026-05-24,0,0,0,0,0,2,0,0.0,0.0,0,0
CLTC->GSBO,CLTC,GSBO,2026-05-25,0,0,0,0,0,2,0,0.0,0.0,0,0
CLTC->GSBO,CLTC,GSBO,2026-05-26,0,0,0,0,0,2,0,0.0,0.0,0,0
CLTC->GSBO,CLTC,GSBO,2026-05-27,0,0,0,0,0,1,0,0.0,0.0,0,0
CLTC->HASC,CLTC,HASC,2026-04-27,0,0,0,0,0,1,0,0.0,0.0,0,0
CLTC->HASC,CLTC,HASC,2026-04-28,1,0,0,0,0,3,5342,3274.74,1.1813636,115298,1
CLTC->HASC,CLTC,HASC,2026-04-29,1,0,0,2,0,1,12546,9927.474,1.19378,345894,1
CLTC->HASC,CLTC,HASC,2026-04-30,1,0,0,2,0,1,9903,9948.191,1.1962712,345894,1
CLTC->HASC,CLTC,HASC,2026-05-01,1,0,0,1,0,2,8490,6574.757,1.185923,230596,2
CLTC->HASC,CLTC,HASC,2026-05-02,1,0,0,2,0,1,12164,9840.049,1.1832671,345894,1
CLTC->HASC,CLTC,HASC,2026-05-03,1,0,0,2,0,1,11220,9459.504,1.1375065,345894,1
CLTC->HASC,CLTC,HASC,2026-05-04,1,0,0,1,0,2,8351,6568.038,1.184711,230596,2
CLTC->HASC,CLTC,HASC,2026-05-05,1,0,0,2,0,1,11215,9862.601,1.185979,345894,1
CLTC->HASC,CLTC,HASC,2026-05-06,1,0,0,2,0,1,12533,9928.77,1.1939358,345894,1
CLTC->HASC,CLTC,HASC,2026-05-07,1,0,0,2,0,1,9801,9737.727,1.1709628,345894,1
CLTC->HASC,CLTC,HASC,2026-05-08,1,0,0,1,0,2,8444,6572.657,1.1855441,230596,2
CLTC->HASC,CLTC,HASC,2026-05-09,1,0,0,1,0,2,10317,6639.708,1.1976385,230596,0
CLTC->HASC,CLTC,HASC,2026-05-10,1,0,0,2,0,1,11472,9875.606,1.1875428,345894,1
CLTC->HASC,CLTC,HASC,2026-05-11,1,0,0,2,0,1,11317,9868.517,1.1866903,345894,1
CLTC->HASC,CLTC,HASC,2026-05-12,1,0,0,2,0,1,11187,9860.909,1.1857755,345894,1
CLTC->HASC,CLTC,HASC,2026-05-13,1,0,0,1,0,2,9573,6597.243,1.1899788,230596,2
CLTC->HASC,CLTC,HASC,2026-05-14,1,0,0,2,0,1,9879,9947.412,1.1961775,345894,1
CLTC->HASC,CLTC,HASC,2026-05-15,1,0,0,2,0,1,10253,9523.233,1.1451699,345894,1
CLTC->HASC,CLTC,HASC,2026-05-16,1,0,0,1,0,2,10193,6508.421,1.1739576,230596,2
CLTC->HASC,CLTC,HASC,2026-05-17,1,0,0,2,0,1,11478,9874.162,1.1873692,345894,1
CLTC->HASC,CLTC,HASC,2026-05-18,1,0,0,1,0,2,3216,3877.684,0.699438,230596,2
CLTC->HASC,CLTC,HASC,2026-05-19,1,0,0,0,0,3,525,810.382,0.2923456,115298,1
CLTC->HASC,CLTC,HASC,2026-05-20,0,0,0,0,0,4,0,0.0,0.0,0,0
CLTC->HASC,CLTC,HASC,2026-05-21,0,0,0,0,0,4,0,0.0,0.0,0,0
CLTC->HASC,CLTC,HASC,2026-05-22,0,0,0,0,0,4,0,0.0,0.0,0,0
CLTC->HASC,CLTC,HASC,2026-05-23,0,0,0,0,0,4,0,0.0,0.0,0,0
CLTC->HASC,CLTC,HASC,2026-05-24,0,0,0,0,0,4,0,0.0,0.0,0,0
CLTC->HASC,CLTC,HASC,2026-05-25,0,0,0,0,0,4,0,0.0,0.0,0,0
CLTC->HASC,CLTC,HASC,2026-05-26,0,0,0,0,0,4,0,0.0,0.0,0,0
CLTC->HASC,CLTC,HASC,2026-05-27,0,0,0,0,0,3,0,0.0,0.0,0,0
CLTC->RDUH,CLTC,RDUH,2026-04-27,0,0,0,0,0,1,0,0.0,0.0,0,0
CLTC->RDUH,CLTC,RDUH,2026-04-28,1,0,0,0,0,1,1485,1259.476,0.45435643,42588,1
CLTC->RDUH,CLTC,RDUH,2026-04-29,1,0,0,0,0,1,3797,3022.161,1.0902457,42588,1
CLTC->RDUH,CLTC,RDUH,2026-04-30,1,0,0,0,0,1,3729,3116.882,1.1244164,42588,1
CLTC->RDUH,CLTC,RDUH,2026-05-01,1,0,0,0,0,1,3670,3182.767,1.1481843,42588,1
CLTC->RDUH,CLTC,RDUH,2026-05-02,1,0,0,0,0,1,3740,2990.07,1.0786688,42588,1
CLTC->RDUH,CLTC,RDUH,2026-05-03,1,0,0,0,0,1,4009,3199.272,1.1541386,42588,1
CLTC->RDUH,CLTC,RDUH,2026-05-04,1,0,0,0,0,1,3870,3193.309,1.1519873,42588,1
CLTC->RDUH,CLTC,RDUH,2026-05-05,1,0,0,0,0,1,3888,3194.097,1.1522716,42588,1
CLTC->RDUH,CLTC,RDUH,2026-05-06,1,0,0,0,0,1,4033,3200.73,1.1546645,42588,1
CLTC->RDUH,CLTC,RDUH,2026-05-07,1,0,0,0,0,1,3820,3190.449,1.1509557,42588,1
CLTC->RDUH,CLTC,RDUH,2026-05-08,1,0,0,0,0,1,3641,3181.557,1.1477479,42588,1
CLTC->RDUH,CLTC,RDUH,2026-05-09,1,0,0,0,0,1,3812,3039.028,1.0963304,42588,1
CLTC->RDUH,CLTC,RDUH,2026-05-10,1,0,0,0,0,1,3990,3198.683,1.153926,42588,1
CLTC->RDUH,CLTC,RDUH,2026-05-11,1,0,0,0,0,1,3977,3197.663,1.1535581,42588,0
CLTC->RDUH,CLTC,RDUH,2026-05-12,1,0,0,0,0,1,3893,3193.863,1.1521872,42588,1
CLTC->RDUH,CLTC,RDUH,2026-05-13,1,0,0,1,0,0,4947,4941.907,0.89139736,85176,0
CLTC->RDUH,CLTC,RDUH,2026-05-14,1,0,0,0,0,1,3736,3108.655,1.1214484,42588,1
CLTC->RDUH,CLTC,RDUH,2026-05-15,1,0,0,0,0,1,3666,3182.628,1.1481342,42588,1
CLTC->RDUH,CLTC,RDUH,2026-05-16,1,0,0,0,0,1,3790,3037.019,1.0956057,42588,1
CLTC->RDUH,CLTC,RDUH,2026-05-17,1,0,0,0,0,1,4002,3198.917,1.1540104,42588,1
CLTC->RDUH,CLTC,RDUH,2026-05-18,1,0,0,0,0,1,2720,2525.106,0.9109329,42588,1
CLTC->RDUH,CLTC,RDUH,2026-05-19,1,0,0,0,0,1,375,348.553,0.12574062,42588,1
CLTC->RDUH,CLTC,RDUH,2026-05-20,1,0,0,0,0,1,11,5.677,0.0020479797,42588,0
CLTC->RDUH,CLTC,RDUH,2026-05-21,0,0,0,0,0,2,0,0.0,0.0,0,0
CLTC->RDUH,CLTC,RDUH,2026-05-22,0,0,0,0,0,2,0,0.0,0.0,0,0
CLTC->RDUH,CLTC,RDUH,2026-05-23,0,0,0,0,0,2,0,0.0,0.0,0,0
CLTC->RDUH,CLTC,RDUH,2026-05-24,0,0,0,0,0,2,0,0.0,0.0,0,0
CLTC->RDUH,CLTC,RDUH,2026-05-25,0,0,0,0,0,2,0,0.0,0.0,0,0
CLTC->RDUH,CLTC,RDUH,2026-05-26,0,0,0,0,0,2,0,0.0,0.0,0,0
CLTC->RDUH,CLTC,RDUH,2026-05-27,0,0,0,0,0,1,0,0.0,0.0,0,0
CLTC->RICH,CLTC,RICH,2026-04-27,0,0,0,0,0,1,0,0.0,0.0,0,0
CLTC->RICH,CLTC,RICH,2026-04-28,1,0,0,0,0,1,559,462.89,0.16698773,75544,1
CLTC->RICH,CLTC,RICH,2026-04-29,1,0,0,0,0,1,951,714.516,0.2577619,75544,1
CLTC->RICH,CLTC,RICH,2026-04-30,1,0,0,0,0,1,782,764.82,0.2759091,75544,1
CLTC->RICH,CLTC,RICH,2026-05-01,1,0,0,0,0,1,702,575.608,0.2076508,75544,1
CLTC->RICH,CLTC,RICH,2026-05-02,1,0,0,0,0,1,942,705.836,0.2546306,75544,1
CLTC->RICH,CLTC,RICH,2026-05-03,1,0,0,0,0,1,898,748.032,0.26985282,75544,1
CLTC->RICH,CLTC,RICH,2026-05-04,1,0,0,0,0,1,757,675.421,0.24365836,75544,1
CLTC->RICH,CLTC,RICH,2026-05-05,1,0,0,0,0,1,857,742.217,0.26775506,75544,1
CLTC->RICH,CLTC,RICH,2026-05-06,1,0,0,0,0,1,963,721.96,0.26044732,75544,1
CLTC->RICH,CLTC,RICH,2026-05-07,1,0,0,0,0,1,765,733.241,0.26451695,75544,1
CLTC->RICH,CLTC,RICH,2026-05-08,1,0,0,0,0,1,718,603.72,0.21779221,75544,1
CLTC->RICH,CLTC,RICH,2026-05-09,1,0,0,0,0,1,907,673.36,0.24291486,75544,1
CLTC->RICH,CLTC,RICH,2026-05-10,1,0,0,0,0,1,928,788.769,0.2845487,75544,1
CLTC->RICH,CLTC,RICH,2026-05-11,1,0,0,0,0,1,813,647.518,0.23359235,75544,1
CLTC->RICH,CLTC,RICH,2026-05-12,1,0,0,0,0,1,858,743.967,0.26838636,75544,1
CLTC->RICH,CLTC,RICH,2026-05-13,1,0,0,0,0,1,882,705.965,0.25467712,75544,1
CLTC->RICH,CLTC,RICH,2026-05-14,1,0,0,0,0,1,786,761.582,0.274741,75544,1
CLTC->RICH,CLTC,RICH,2026-05-15,1,0,0,0,0,1,740,616.814,0.22251587,75544,1
CLTC->RICH,CLTC,RICH,2026-05-16,1,0,0,0,0,1,869,628.771,0.22682936,75544,1
CLTC->RICH,CLTC,RICH,2026-05-17,1,0,0,0,0,1,937,804.571,0.2902493,75544,1
CLTC->RICH,CLTC,RICH,2026-05-18,1,0,0,0,0,1,175,191.194,0.0689733,75544,1
CLTC->RICH,CLTC,RICH,2026-05-19,1,0,0,0,0,1,32,51.045,0.018414503,75544,1
CLTC->RICH,CLTC,RICH,2026-05-20,0,0,0,0,0,2,0,0.0,0.0,0,0
CLTC->RICH,CLTC,RICH,2026-05-21,0,0,0,0,0,2,0,0.0,0.0,0,0
CLTC->RICH,CLTC,RICH,2026-05-22,0,0,0,0,0,2,0,0.0,0.0,0,0
CLTC->RICH,CLTC,RICH,2026-05-23,0,0,0,0,0,2,0,0.0,0.0,0,0
CLTC->RICH,CLTC,RICH,2026-05-24,0,0,0,0,0,2,0,0.0,0.0,0,0
CLTC->RICH,CLTC,RICH,2026-05-25,0,0,0,0,0,2,0,0.0,0.0,0,0
CLTC->RICH,CLTC,RICH,2026-05-26,0,0,0,0,0,2,0,0.0,0.0,0,0
CLTC->RICH,CLTC,RICH,2026-05-27,0,0,0,0,0,1,0,0.0,0.0,0,0
HASC->BALT,HASC,BALT,2026-04-27,0,0,0,0,0,1,0,0.0,0.0,0,0
HASC->BALT,HASC,BALT,2026-04-28,1,0,0,0,0,1,3177,2703.781,0.97538996,33480,1
HASC->BALT,HASC,BALT,2026-04-29,1,0,0,0,0,1,4401,3068.318,1.1068969,33480,1
HASC->BALT,HASC,BALT,2026-04-30,1,0,0,1,0,0,5718,5256.489,0.94814014,66960,0
HASC->BALT,HASC,BALT,2026-05-01,1,0,0,0,0,1,4141,3206.777,1.1568459,33480,1
HASC->BALT,HASC,BALT,2026-05-02,1,0,0,1,0,0,5491,4920.348,0.88750863,66960,0
HASC->BALT,HASC,BALT,2026-05-03,1,0,0,0,0,1,4890,3378.9,1.2189394,33480,0
HASC->BALT,HASC,BALT,2026-05-04,1,0,0,1,0,0,6159,5846.778,1.0546136,66960,0
HASC->BALT,HASC,BALT,2026-05-05,1,0,0,0,0,1,4577,3228.65,1.1647366,33480,1
HASC->BALT,HASC,BALT,2026-05-06,1,0,0,1,0,0,6024,5556.461,1.0022477,66960,0
HASC->BALT,HASC,BALT,2026-05-07,1,0,0,0,0,1,4575,3245.179,1.1706995,33480,0
HASC->BALT,HASC,BALT,2026-05-08,1,0,0,1,0,0,5272,5141.536,0.9274055,66960,0
HASC->BALT,HASC,BALT,2026-05-09,1,0,0,0,0,1,4484,3222.982,1.162692,33480,1
HASC->BALT,HASC,BALT,2026-05-10,1,0,0,1,0,0,6019,5343.471,0.9638295,66960,0
HASC->BALT,HASC,BALT,2026-05-11,1,0,0,1,0,0,5404,4577.303,0.82563186,66960,0
HASC->BALT,HASC,BALT,2026-05-12,1,0,0,0,0,1,4680,3242.348,1.1696782,33480,0
HASC->BALT,HASC,BALT,2026-05-13,1,0,0,1,0,0,6158,5806.01,1.04726,66960,0
HASC->BALT,HASC,BALT,2026-05-14,1,0,0,0,0,1,4508,3255.401,1.1743871,33480,1
HASC->BALT,HASC,BALT,2026-05-15,1,0,0,1,0,0,5140,4870.081,0.87844175,66960,0
HASC->BALT,HASC,BALT,2026-05-16,1,0,0,0,0,1,4527,3312.391,1.1949463,33480,1
HASC->BALT,HASC,BALT,2026-05-17,1,0,0,1,0,0,6094,5487.189,0.9897527,66960,0
HASC->BALT,HASC,BALT,2026-05-18,1,0,0,0,0,1,2260,1909.489,0.68884885,33480,1
HASC->BALT,HASC,BALT,2026-05-19,1,0,0,0,0,1,393,408.58,0.14739539,33480,1
HASC->BALT,HASC,BALT,2026-05-20,1,0,0,0,0,1,39,61.8,0.022294372,33480,0
HASC->BALT,HASC,BALT,2026-05-21,0,0,0,0,0,2,0,0.0,0.0,0,0
HASC->BALT,HASC,BALT,2026-05-22,0,0,0,0,0,2,0,0.0,0.0,0,0
HASC->BALT,HASC,BALT,2026-05-23,0,0,0,0,0,2,0,0.0,0.0,0,0
HASC->BALT,HASC,BALT,2026-05-24,0,0,0,0,0,2,0,0.0,0.0,0,0
HASC->BALT,HASC,BALT,2026-05-25,0,0,0,0,0,2,0,0.0,0.0,0,0
HASC->BALT,HASC,BALT,2026-05-26,0,0,0,0,0,2,0,0.0,0.0,0,0
HASC->BALT,HASC,BALT,2026-05-27,0,0,0,0,0,1,0,0.0,0.0,0,0
HASC->BUFF,HASC,BUFF,2026-04-27,0,0,0,0,0,1,0,0.0,0.0,0,0
HASC->BUFF,HASC,BUFF,2026-04-28,1,0,0,0,0,1,472,400.24,0.14438672,68724,1
HASC->BUFF,HASC,BUFF,2026-04-29,1,0,0,0,0,1,1406,1156.296,0.4171342,68724,1
HASC->BUFF,HASC,BUFF,2026-04-30,1,0,0,0,0,1,1547,1284.9,0.46352813,68724,1
HASC->BUFF,HASC,BUFF,2026-05-01,1,0,0,0,0,1,1376,1193.544,0.43057144,68724,1
HASC->BUFF,HASC,BUFF,2026-05-02,1,0,0,0,0,1,1301,1039.435,0.37497655,68724,1
HASC->BUFF,HASC,BUFF,2026-05-03,1,0,0,0,0,1,1622,1367.051,0.49316415,68724,1
HASC->BUFF,HASC,BUFF,2026-05-04,1,0,0,0,0,1,1599,1327.371,0.47884956,68724,1
HASC->BUFF,HASC,BUFF,2026-05-05,1,0,0,0,0,1,1470,1222.464,0.44100434,68724,1
HASC->BUFF,HASC,BUFF,2026-05-06,1,0,0,0,0,1,1547,1291.229,0.46581134,68724,1
HASC->BUFF,HASC,BUFF,2026-05-07,1,0,0,0,0,1,1586,1341.381,0.48390368,68724,1
HASC->BUFF,HASC,BUFF,2026-05-08,1,0,0,0,0,1,1352,1165.059,0.42029545,68724,1
HASC->BUFF,HASC,BUFF,2026-05-09,1,0,0,0,0,1,1304,1067.011,0.3849246,68724,1
HASC->BUFF,HASC,BUFF,2026-05-10,1,0,0,0,0,1,1578,1257.38,0.4536003,68724,1
HASC->BUFF,HASC,BUFF,2026-05-11,1,0,0,0,0,1,1640,1397.781,0.50425,68724,1
HASC->BUFF,HASC,BUFF,2026-05-12,1,0,0,0,0,1,1508,1259.896,0.45450795,68724,1
HASC->BUFF,HASC,BUFF,2026-05-13,1,0,0,0,0,1,1549,1296.654,0.4677684,68724,1
HASC->BUFF,HASC,BUFF,2026-05-14,1,0,0,0,0,1,1531,1271.867,0.45882648,68724,1
HASC->BUFF,HASC,BUFF,2026-05-15,1,0,0,0,0,1,1342,1181.654,0.4262821,68724,1
HASC->BUFF,HASC,BUFF,2026-05-16,1,0,0,0,0,1,1318,1077.919,0.38885966,68724,1
HASC->BUFF,HASC,BUFF,2026-05-17,1,0,0,0,0,1,1605,1275.774,0.46023592,68724,1
HASC->BUFF,HASC,BUFF,2026-05-18,1,0,0,0,0,1,1147,1003.851,0.3621396,68724,1
HASC->BUFF,HASC,BUFF,2026-05-19,1,0,0,0,0,1,102,110.6,0.03989899,68724,1
HASC->BUFF,HASC,BUFF,2026-05-20,1,0,0,0,0,1,13,21.038,0.007589466,68724,0
HASC->BUFF,HASC,BUFF,2026-05-21,0,0,0,0,0,2,0,0.0,0.0,0,0
HASC->BUFF,HASC,BUFF,2026-05-22,0,0,0,0,0,2,0,0.0,0.0,0,0
HASC->BUFF,HASC,BUFF,2026-05-23,0,0,0,0,0,2,0,0.0,0.0,0,0
HASC->BUFF,HASC,BUFF,2026-05-24,0,0,0,0,0,2,0,0.0,0.0,0,0
HASC->BUFF,HASC,BUFF,2026-05-25,0,0,0,0,0,2,0,0.0,0.0,0,0
HASC->BUFF,HASC,BUFF,2026-05-26,0,0,0,0,0,2,0,0.0,0.0,0,0
HASC->BUFF,HASC,BUFF,2026-05-27,0,0,0,0,0,1,0,0.0,0.0,0,0
HASC->CBSC,HASC,CBSC,2026-04-27,0,0,0,0,0,1,0,0.0,0.0,0,0
HASC->CBSC,HASC,CBSC,2026-04-28,1,0,0,0,0,1,2226,1920.366,0.69277275,94794,1
HASC->CBSC,HASC,CBSC,2026-04-29,1,0,0,0,0,1,3095,2537.65,0.91545814,94794,1
HASC->CBSC,HASC,CBSC,2026-04-30,1,0,0,0,0,1,2919,2497.793,0.9010797,94794,1
HASC->CBSC,HASC,CBSC,2026-05-01,1,0,0,0,0,1,2657,2230.512,0.804658,94794,1
HASC->CBSC,HASC,CBSC,2026-05-02,1,0,0,0,0,1,2949,2403.073,0.86690944,94794,1
HASC->CBSC,HASC,CBSC,2026-05-03,1,0,0,0,0,1,3247,2745.24,0.9903463,94794,1
HASC->CBSC,HASC,CBSC,2026-05-04,1,0,0,0,0,1,3021,2516.728,0.9079105,94794,1
HASC->CBSC,HASC,CBSC,2026-05-05,1,0,0,0,0,1,2991,2469.936,0.8910303,94794,1
HASC->CBSC,HASC,CBSC,2026-05-06,1,0,0,0,0,1,3065,2532.613,0.91364104,94794,1
HASC->CBSC,HASC,CBSC,2026-05-07,1,0,0,0,0,1,3019,2598.546,0.9374264,94794,1
HASC->CBSC,HASC,CBSC,2026-05-08,1,0,0,0,0,1,2646,2212.961,0.7983265,94794,1
HASC->CBSC,HASC,CBSC,2026-05-09,1,0,0,0,0,1,2970,2460.42,0.8875974,94794,1
HASC->CBSC,HASC,CBSC,2026-05-10,1,0,0,0,0,1,3171,2645.785,0.9544679,94794,1
HASC->CBSC,HASC,CBSC,2026-05-11,1,0,0,0,0,1,3089,2598.762,0.93750435,94794,1
HASC->CBSC,HASC,CBSC,2026-05-12,1,0,0,0,0,1,2987,2452.636,0.88478935,94794,1
HASC->CBSC,HASC,CBSC,2026-05-13,1,0,0,0,0,1,3063,2530.745,0.91296715,94794,1
HASC->CBSC,HASC,CBSC,2026-05-14,1,0,0,0,0,1,3006,2606.477,0.94028753,94794,1
HASC->CBSC,HASC,CBSC,2026-05-15,1,0,0,0,0,1,2689,2269.646,0.8187756,94794,1
HASC->CBSC,HASC,CBSC,2026-05-16,1,0,0,0,0,1,2916,2358.774,0.85092854,94794,1
HASC->CBSC,HASC,CBSC,2026-05-17,1,0,0,0,0,1,3204,2690.086,0.9704495,94794,1
HASC->CBSC,HASC,CBSC,2026-05-18,1,0,0,0,0,1,837,686.008,0.24747764,94794,1
HASC->CBSC,HASC,CBSC,2026-05-19,1,0,0,0,0,1,30,25.416,0.009168832,94794,1
HASC->CBSC,HASC,CBSC,2026-05-20,0,0,0,0,0,2,0,0.0,0.0,0,0
HASC->CBSC,HASC,CBSC,2026-05-21,0,0,0,0,0,2,0,0.0,0.0,0,0
HASC->CBSC,HASC,CBSC,2026-05-22,0,0,0,0,0,2,0,0.0,0.0,0,0
HASC->CBSC,HASC,CBSC,2026-05-23,0,0,0,0,0,2,0,0.0,0.0,0,0
HASC->CBSC,HASC,CBSC,2026-05-24,0,0,0,0,0,2,0,0.0,0.0,0,0
HASC->CBSC,HASC,CBSC,2026-05-25,0,0,0,0,0,2,0,0.0,0.0,0,0
HASC->CBSC,HASC,CBSC,2026-05-26,0,0,0,0,0,2,0,0.0,0.0,0,0
HASC->CBSC,HASC,CBSC,2026-05-27,0,0,0,0,0,1,0,0.0,0.0,0,0
HASC->CLTC,HASC,CLTC,2026-04-27,0,0,0,0,0,1,0,0.0,0.0,0,0
HASC->CLTC,HASC,CLTC,2026-04-28,1,0,0,0,0,1,3760,3187.691,1.1499606,115298,1
HASC->CLTC,HASC,CLTC,2026-04-29,1,0,0,0,0,1,4694,3233.668,1.166547,115298,0
HASC->CLTC,HASC,CLTC,2026-04-30,1,0,0,1,0,0,5698,5522.113,0.99605215,230596,0
HASC->CLTC,HASC,CLTC,2026-05-01,1,0,0,0,0,1,4225,3210.707,1.1582637,115298,1
HASC->CLTC,HASC,CLTC,2026-05-02,1,0,0,0,0,1,4598,3343.223,1.2060689,115298,0
HASC->CLTC,HASC,CLTC,2026-05-03,1,0,0,1,0,0,6383,6124.329,1.104677,230596,0
HASC->CLTC,HASC,CLTC,2026-05-04,1,0,0,0,0,1,4606,3230.283,1.1653258,115298,1
HASC->CLTC,HASC,CLTC,2026-05-05,1,0,0,1,0,0,5812,5400.141,0.9740514,230596,0
HASC->CLTC,HASC,CLTC,2026-05-06,1,0,0,0,0,1,4693,3233.386,1.1664451,115298,1
HASC->CLTC,HASC,CLTC,2026-05-07,1,0,0,1,0,0,5740,5625.371,1.0146773,230596,0
HASC->CLTC,HASC,CLTC,2026-05-08,1,0,0,0,0,1,4257,3212.37,1.1588637,115298,1
HASC->CLTC,HASC,CLTC,2026-05-09,1,0,0,0,0,1,4619,3373.339,1.2169333,115298,0
HASC->CLTC,HASC,CLTC,2026-05-10,1,0,0,1,0,0,6287,5986.239,1.0797689,230596,0
HASC->CLTC,HASC,CLTC,2026-05-11,1,0,0,0,0,1,4623,3231.17,1.1656457,115298,0
HASC->CLTC,HASC,CLTC,2026-05-12,1,0,0,1,0,0,5869,5555.117,1.0020052,230596,0
HASC->CLTC,HASC,CLTC,2026-05-13,1,0,0,0,0,1,4710,3234.184,1.166733,115298,1
HASC->CLTC,HASC,CLTC,2026-05-14,1,0,0,1,0,0,5776,5645.899,1.01838,230596,0
HASC->CLTC,HASC,CLTC,2026-05-15,1,0,0,0,0,1,4225,3210.864,1.1583203,115298,1
HASC->CLTC,HASC,CLTC,2026-05-16,1,0,0,0,0,1,4610,3347.194,1.2075014,115298,0
HASC->CLTC,HASC,CLTC,2026-05-17,1,0,0,1,0,0,6332,6038.05,1.0891143,230596,0
HASC->CLTC,HASC,CLTC,2026-05-18,1,0,0,0,0,1,1488,1167.907,0.42132288,115298,1
HASC->CLTC,HASC,CLTC,2026-05-19,1,0,0,0,0,1,49,38.336,0.013829726,115298,1
HASC->CLTC,HASC,CLTC,2026-05-20,0,0,0,0,0,2,0,0.0,0.0,0,0
HASC->CLTC,HASC,CLTC,2026-05-21,0,0,0,0,0,2,0,0.0,0.0,0,0
HASC->CLTC,HASC,CLTC,2026-05-22,0,0,0,0,0,2,0,0.0,0.0,0,0
HASC->CLTC,HASC,CLTC,2026-05-23,0,0,0,0,0,2,0,0.0,0.0,0,0
HASC->CLTC,HASC,CLTC,2026-05-24,0,0,0,0,0,2,0,0.0,0.0,0,0
HASC->CLTC,HASC,CLTC,2026-05-25,0,0,0,0,0,2,0,0.0,0.0,0,0
HASC->CLTC,HASC,CLTC,2026-05-26,0,0,0,0,0,2,0,0.0,0.0,0,0
HASC->CLTC,HASC,CLTC,2026-05-27,0,0,0,0,0,1,0,0.0,0.0,0,0
HASC->DCMD,HASC,DCMD,2026-04-27,0,0,0,0,0,1,0,0.0,0.0,0,0
HASC->DCMD,HASC,DCMD,2026-04-28,1,0,0,0,0,2,3996,3046.994,1.0992042,38474,1
HASC->DCMD,HASC,DCMD,2026-04-29,1,0,0,1,0,1,7442,6444.177,1.1623696,76948,1
HASC->DCMD,HASC,DCMD,2026-04-30,1,0,0,1,0,1,7626,6260.865,1.1293046,76948,1
HASC->DCMD,HASC,DCMD,2026-05-01,1,0,0,1,0,1,6703,5811.433,1.0482383,76948,1
HASC->DCMD,HASC,DCMD,2026-05-02,1,0,0,1,0,1,7327,6062.43,1.0935119,76948,1
HASC->DCMD,HASC,DCMD,2026-05-03,1,0,0,1,0,1,7960,6547.595,1.1810236,76948,1
HASC->DCMD,HASC,DCMD,2026-05-04,1,0,0,1,0,1,7774,6537.8,1.1792568,76948,1
HASC->DCMD,HASC,DCMD,2026-05-05,1,0,0,1,0,1,7498,6233.268,1.1243268,76948,1
HASC->DCMD,HASC,DCMD,2026-05-06,1,0,0,1,0,1,7888,6544.982,1.1805524,76948,1
HASC->DCMD,HASC,DCMD,2026-05-07,1,0,0,1,0,1,7722,6537.433,1.1791906,76948,1
HASC->DCMD,HASC,DCMD,2026-05-08,1,0,0,1,0,1,6715,5823.917,1.05049,76948,1
HASC->DCMD,HASC,DCMD,2026-05-09,1,0,0,1,0,1,7234,5914.373,1.0668061,76948,0
HASC->DCMD,HASC,DCMD,2026-05-10,1,0,0,1,0,1,7861,6340.917,1.143744,76948,1
HASC->DCMD,HASC,DCMD,2026-05-11,1,0,0,1,0,1,7836,6542.459,1.1800972,76948,1
HASC->DCMD,HASC,DCMD,2026-05-12,1,0,0,1,0,1,7732,6537.449,1.1791935,76948,1
HASC->DCMD,HASC,DCMD,2026-05-13,1,0,0,1,0,1,7939,6547.313,1.1809728,76948,1
HASC->DCMD,HASC,DCMD,2026-05-14,1,0,0,1,0,1,7438,6289.376,1.1344473,76948,1
HASC->DCMD,HASC,DCMD,2026-05-15,1,0,0,1,0,1,6736,5861.066,1.0571909,76948,1
HASC->DCMD,HASC,DCMD,2026-05-16,1,0,0,1,0,1,7448,6222.046,1.1223027,76948,1
HASC->DCMD,HASC,DCMD,2026-05-17,1,0,0,1,0,1,7820,6361.025,1.147371,76948,1
HASC->DCMD,HASC,DCMD,2026-05-18,1,0,0,0,0,2,3517,2939.215,1.0603229,38474,1
HASC->DCMD,HASC,DCMD,2026-05-19,1,0,0,0,0,2,705,725.591,0.26175722,38474,1
HASC->DCMD,HASC,DCMD,2026-05-20,1,0,0,0,0,2,63,93.775,0.033829365,38474,1
HASC->DCMD,HASC,DCMD,2026-05-21,0,0,0,0,0,3,0,0.0,0.0,0,0
HASC->DCMD,HASC,DCMD,2026-05-22,0,0,0,0,0,3,0,0.0,0.0,0,0
HASC->DCMD,HASC,DCMD,2026-05-23,0,0,0,0,0,3,0,0.0,0.0,0,0
HASC->DCMD,HASC,DCMD,2026-05-24,0,0,0,0,0,3,0,0.0,0.0,0,0
HASC->DCMD,HASC,DCMD,2026-05-25,0,0,0,0,0,3,0,0.0,0.0,0,0
HASC->DCMD,HASC,DCMD,2026-05-26,0,0,0,0,0,3,0,0.0,0.0,0,0
HASC->DCMD,HASC,DCMD,2026-05-27,0,0,0,0,0,2,0,0.0,0.0,0,0
HASC->HRBG,HASC,HRBG,2026-04-27,0,0,0,0,0,1,0,0.0,0.0,0,0
HASC->HRBG,HASC,HRBG,2026-04-28,1,0,0,0,0,1,1315,1121.984,0.40475613,19444,1
HASC->HRBG,HASC,HRBG,2026-04-29,1,0,0,0,0,1,2042,1671.605,0.6030321,19444,1
HASC->HRBG,HASC,HRBG,2026-04-30,1,0,0,0,0,1,2051,1689.4,0.60945165,19444,1
HASC->HRBG,HASC,HRBG,2026-05-01,1,0,0,0,0,1,1767,1521.161,0.5487594,19444,1
HASC->HRBG,HASC,HRBG,2026-05-02,1,0,0,0,0,1,2038,1694.559,0.61131275,19444,1
HASC->HRBG,HASC,HRBG,2026-05-03,1,0,0,0,0,1,2219,1848.531,0.6668582,19444,1
HASC->HRBG,HASC,HRBG,2026-05-04,1,0,0,0,0,1,2189,1824.12,0.65805197,19444,1
HASC->HRBG,HASC,HRBG,2026-05-05,1,0,0,0,0,1,2014,1660.279,0.5989463,19444,1
HASC->HRBG,HASC,HRBG,2026-05-06,1,0,0,0,0,1,2206,1835.773,0.66225576,19444,1
HASC->HRBG,HASC,HRBG,2026-05-07,1,0,0,0,0,1,2064,1760.395,0.6350631,19444,1
HASC->HRBG,HASC,HRBG,2026-05-08,1,0,0,0,0,1,1785,1545.868,0.55767244,19444,1
HASC->HRBG,HASC,HRBG,2026-05-09,1,0,0,0,0,1,1990,1596.554,0.5759574,19444,1
HASC->HRBG,HASC,HRBG,2026-05-10,1,0,0,0,0,1,2200,1786.104,0.64433765,19444,1
HASC->HRBG,HASC,HRBG,2026-05-11,1,0,0,0,0,1,2194,1865.445,0.67296,19444,1
HASC->HRBG,HASC,HRBG,2026-05-12,1,0,0,0,0,1,2109,1767.27,0.63754326,19444,1
HASC->HRBG,HASC,HRBG,2026-05-13,1,0,0,0,0,1,2186,1829.675,0.66005594,19444,1
HASC->HRBG,HASC,HRBG,2026-05-14,1,0,0,0,0,1,1975,1626.292,0.5866854,19444,1
HASC->HRBG,HASC,HRBG,2026-05-15,1,0,0,0,0,1,1775,1530.101,0.5519845,19444,1
HASC->HRBG,HASC,HRBG,2026-05-16,1,0,0,0,0,1,2059,1738.449,0.6271461,19444,1
HASC->HRBG,HASC,HRBG,2026-05-17,1,0,0,0,0,1,2181,1760.956,0.6352655,19444,1
HASC->HRBG,HASC,HRBG,2026-05-18,1,0,0,0,0,1,867,746.061,0.26914176,19444,1
HASC->HRBG,HASC,HRBG,2026-05-19,1,0,0,0,0,1,98,114.089,0.041157648,19444,1
HASC->HRBG,HASC,HRBG,2026-05-20,1,0,0,0,0,1,13,22.815,0.0082305195,19444,0
HASC->HRBG,HASC,HRBG,2026-05-21,0,0,0,0,0,2,0,0.0,0.0,0,0
HASC->HRBG,HASC,HRBG,2026-05-22,0,0,0,0,0,2,0,0.0,0.0,0,0
HASC->HRBG,HASC,HRBG,2026-05-23,0,0,0,0,0,2,0,0.0,0.0,0,0
HASC->HRBG,HASC,HRBG,2026-05-24,0,0,0,0,0,2,0,0.0,0.0,0,0
HASC->HRBG,HASC,HRBG,2026-05-25,0,0,0,0,0,2,0,0.0,0.0,0,0
HASC->HRBG,HASC,HRBG,2026-05-26,0,0,0,0,0,2,0,0.0,0.0,0,0
HASC->HRBG,HASC,HRBG,2026-05-27,0,0,0,0,0,1,0,0.0,0.0,0,0
HASC->NJSC,HASC,NJSC,2026-04-27,0,0,0,0,0,1,0,0.0,0.0,0,0
HASC->NJSC,HASC,NJSC,2026-04-28,1,0,0,3,0,5,14379,12025.595,1.0845594,216904,3
HASC->NJSC,HASC,NJSC,2026-04-29,1,0,0,6,0,2,25660,20589.447,1.061093,379582,2
HASC->NJSC,HASC,NJSC,2026-04-30,1,0,0,6,0,2,27070,20849.572,1.0744987,379582,3
HASC->NJSC,HASC,NJSC,2026-05-01,1,0,0,6,0,2,21275,21473.363,1.1066463,379582,2
HASC->NJSC,HASC,NJSC,2026-05-02,1,0,0,6,0,2,29750,21689.736,1.1177973,379582,2
HASC->NJSC,HASC,NJSC,2026-05-03,1,0,0,8,0,0,32263,28337.832,1.1358758,488034,0
HASC->NJSC,HASC,NJSC,2026-05-04,1,0,0,6,0,2,23625,21412.393,1.1035041,379582,2
HASC->NJSC,HASC,NJSC,2026-05-05,1,0,0,6,0,2,31091,23141.352,1.1926074,379582,1
HASC->NJSC,HASC,NJSC,2026-05-06,1,0,0,8,0,0,31017,27325.016,1.0952789,488034,0
HASC->NJSC,HASC,NJSC,2026-05-07,1,0,0,6,0,2,27054,20829.123,1.0734448,379582,3
HASC->NJSC,HASC,NJSC,2026-05-08,1,0,0,6,0,2,22823,21538.336,1.1099946,379582,2
HASC->NJSC,HASC,NJSC,2026-05-09,1,0,0,7,0,1,29694,24236.715,1.0929254,433808,0
HASC->NJSC,HASC,NJSC,2026-05-10,1,0,0,5,0,3,25367,19781.525,1.1893654,325356,2
HASC->NJSC,HASC,NJSC,2026-05-11,1,0,0,8,0,0,33298,28357.393,1.1366599,488034,0
HASC->NJSC,HASC,NJSC,2026-05-12,1,0,0,7,0,1,28899,24448.568,1.1024787,433808,2
HASC->NJSC,HASC,NJSC,2026-05-13,1,0,0,6,0,2,28609,23238.287,1.197603,379582,1
HASC->NJSC,HASC,NJSC,2026-05-14,1,0,0,6,0,2,26317,20794.932,1.0716827,379582,3
HASC->NJSC,HASC,NJSC,2026-05-15,1,0,0,6,0,2,21088,21172.943,1.0911639,379582,2
HASC->NJSC,HASC,NJSC,2026-05-16,1,0,0,8,0,0,32550,26535.428,1.0636294,488034,1
HASC->NJSC,HASC,NJSC,2026-05-17,1,0,0,6,0,2,29068,22845.863,1.1773791,379582,3
HASC->NJSC,HASC,NJSC,2026-05-18,1,0,0,3,0,5,15269,13257.231,1.1956377,216904,3
HASC->NJSC,HASC,NJSC,2026-05-19,1,0,0,0,0,8,2305,2768.415,0.9987067,54226,1
HASC->NJSC,HASC,NJSC,2026-05-20,1,0,0,0,0,8,353,538.736,0.1943492,54226,1
HASC->NJSC,HASC,NJSC,2026-05-21,0,0,0,0,0,9,0,0.0,0.0,0,0
HASC->NJSC,HASC,NJSC,2026-05-22,0,0,0,0,0,9,0,0.0,0.0,0,0
HASC->NJSC,HASC,NJSC,2026-05-23,0,0,0,0,0,9,0,0.0,0.0,0,0
HASC->NJSC,HASC,NJSC,2026-05-24,0,0,0,0,0,9,0,0.0,0.0,0,0
HASC->NJSC,HASC,NJSC,2026-05-25,0,0,0,0,0,9,0,0.0,0.0,0,0
HASC->NJSC,HASC,NJSC,2026-05-26,0,0,0,0,0,9,0,0.0,0.0,0,0
HASC->NJSC,HASC,NJSC,2026-05-27,0,0,0,0,0,8,0,0.0,0.0,0,0
HASC->PITT,HASC,PITT,2026-04-27,0,0,0,0,0,1,0,0.0,0.0,0,0
HASC->PITT,HASC,PITT,2026-04-28,1,0,0,0,0,1,1077,931.231,0.3359419,54292,1
HASC->PITT,HASC,PITT,2026-04-29,1,0,0,0,0,1,3851,3039.542,1.0965159,54292,1
HASC->PITT,HASC,PITT,2026-04-30,1,0,0,0,0,1,4212,3250.625,1.1726642,54292,1
HASC->PITT,HASC,PITT,2026-05-01,1,0,0,1,0,0,4196,3937.328,0.71019626,108584,1
HASC->PITT,HASC,PITT,2026-05-02,1,0,0,0,0,1,3762,3111.277,1.1223943,54292,1
HASC->PITT,HASC,PITT,2026-05-03,1,0,0,0,0,1,4310,3264.282,1.177591,54292,1
HASC->PITT,HASC,PITT,2026-05-04,1,0,0,0,0,1,4189,3225.992,1.1637778,54292,0
HASC->PITT,HASC,PITT,2026-05-05,1,0,0,0,0,1,4162,3461.91,1.2488853,54292,0
HASC->PITT,HASC,PITT,2026-05-06,1,0,0,1,0,0,5000,4747.58,0.8563456,108584,0
HASC->PITT,HASC,PITT,2026-05-07,1,0,0,0,0,1,4177,3208.035,1.1572998,54292,1
HASC->PITT,HASC,PITT,2026-05-08,1,0,0,1,0,0,4223,3940.083,0.7106932,108584,1
HASC->PITT,HASC,PITT,2026-05-09,1,0,0,0,0,1,3648,2951.539,1.0647688,54292,1
HASC->PITT,HASC,PITT,2026-05-10,1,0,0,0,0,1,4306,3214.753,1.1597233,54292,1
HASC->PITT,HASC,PITT,2026-05-11,1,0,0,1,0,0,4845,4393.449,0.79246914,108584,0
HASC->PITT,HASC,PITT,2026-05-12,1,0,0,0,0,1,4125,3205.438,1.1563629,54292,1
HASC->PITT,HASC,PITT,2026-05-13,1,0,0,1,0,0,4554,4060.735,0.7324558,108584,1
HASC->PITT,HASC,PITT,2026-05-14,1,0,0,0,0,1,4114,3204.692,1.1560938,54292,1
HASC->PITT,HASC,PITT,2026-05-15,1,0,0,0,0,1,3794,3189.213,1.1505097,54292,1
HASC->PITT,HASC,PITT,2026-05-16,1,0,0,0,0,1,3808,3190.353,1.150921,54292,1
HASC->PITT,HASC,PITT,2026-05-17,1,0,0,1,0,0,4790,4081.334,0.73617136,108584,1
HASC->PITT,HASC,PITT,2026-05-18,1,0,0,0,0,1,3553,3084.815,1.1128482,54292,1
HASC->PITT,HASC,PITT,2026-05-19,1,0,0,0,0,1,247,285.657,0.103050865,54292,1
HASC->PITT,HASC,PITT,2026-05-20,1,0,0,0,0,1,48,75.844,0.02736075,54292,0
HASC->PITT,HASC,PITT,2026-05-21,0,0,0,0,0,2,0,0.0,0.0,0,0
HASC->PITT,HASC,PITT,2026-05-22,0,0,0,0,0,2,0,0.0,0.0,0,0
HASC->PITT,HASC,PITT,2026-05-23,0,0,0,0,0,2,0,0.0,0.0,0,0
HASC->PITT,HASC,PITT,2026-05-24,0,0,0,0,0,2,0,0.0,0.0,0,0
HASC->PITT,HASC,PITT,2026-05-25,0,0,0,0,0,2,0,0.0,0.0,0,0
HASC->PITT,HASC,PITT,2026-05-26,0,0,0,0,0,2,0,0.0,0.0,0,0
HASC->PITT,HASC,PITT,2026-05-27,0,0,0,0,0,1,0,0.0,0.0,0,0
HASC->RICH,HASC,RICH,2026-04-27,0,0,0,0,0,1,0,0.0,0.0,0,0
HASC->RICH,HASC,RICH,2026-04-28,1,0,0,0,0,1,2123,1812.106,0.6537179,63444,1
HASC->RICH,HASC,RICH,2026-04-29,1,0,0,0,0,1,2734,2252.019,0.8124167,63444,1
HASC->RICH,HASC,RICH,2026-04-30,1,0,0,0,0,1,2430,2066.19,0.7453788,63444,1
HASC->RICH,HASC,RICH,2026-05-01,1,0,0,0,0,1,2207,1816.367,0.6552551,63444,1
HASC->RICH,HASC,RICH,2026-05-02,1,0,0,0,0,1,2644,2194.623,0.79171103,63444,1
HASC->RICH,HASC,RICH,2026-05-03,1,0,0,0,0,1,2667,2241.505,0.80862373,63444,1
HASC->RICH,HASC,RICH,2026-05-04,1,0,0,0,0,1,2580,2167.304,0.7818557,63444,1
HASC->RICH,HASC,RICH,2026-05-05,1,0,0,0,0,1,2548,2118.992,0.7644271,63444,1
HASC->RICH,HASC,RICH,2026-05-06,1,0,0,0,0,1,2699,2234.801,0.8062053,63444,1
HASC->RICH,HASC,RICH,2026-05-07,1,0,0,0,0,1,2486,2101.467,0.758105,63444,1
HASC->RICH,HASC,RICH,2026-05-08,1,0,0,0,0,1,2147,1832.178,0.6609589,63444,1
HASC->RICH,HASC,RICH,2026-05-09,1,0,0,0,0,1,2682,2220.431,0.8010213,63444,1
HASC->RICH,HASC,RICH,2026-05-10,1,0,0,0,0,1,2712,2284.805,0.8242442,63444,1
HASC->RICH,HASC,RICH,2026-05-11,1,0,0,0,0,1,2567,2137.576,0.77113134,63444,1
HASC->RICH,HASC,RICH,2026-05-12,1,0,0,0,0,1,2510,2072.652,0.74770993,63444,1
HASC->RICH,HASC,RICH,2026-05-13,1,0,0,0,0,1,2691,2196.8,0.7924964,63444,1
HASC->RICH,HASC,RICH,2026-05-14,1,0,0,0,0,1,2494,2158.258,0.77859235,63444,1
HASC->RICH,HASC,RICH,2026-05-15,1,0,0,0,0,1,2201,1858.744,0.6705426,63444,1
HASC->RICH,HASC,RICH,2026-05-16,1,0,0,0,0,1,2641,2167.177,0.78180987,63444,1
HASC->RICH,HASC,RICH,2026-05-17,1,0,0,0,0,1,2693,2268.455,0.81834596,63444,1
HASC->RICH,HASC,RICH,2026-05-18,1,0,0,0,0,1,427,330.824,0.119344875,63444,1
HASC->RICH,HASC,RICH,2026-05-19,1,0,0,0,0,1,14,16.09,0.0058044735,63444,1
HASC->RICH,HASC,RICH,2026-05-20,0,0,0,0,0,2,0,0.0,0.0,0,0
HASC->RICH,HASC,RICH,2026-05-21,0,0,0,0,0,2,0,0.0,0.0,0,0
HASC->RICH,HASC,RICH,2026-05-22,0,0,0,0,0,2,0,0.0,0.0,0,0
HASC->RICH,HASC,RICH,2026-05-23,0,0,0,0,0,2,0,0.0,0.0,0,0
HASC->RICH,HASC,RICH,2026-05-24,0,0,0,0,0,2,0,0.0,0.0,0,0
HASC->RICH,HASC,RICH,2026-05-25,0,0,0,0,0,2,0,0.0,0.0,0,0
HASC->RICH,HASC,RICH,2026-05-26,0,0,0,0,0,2,0,0.0,0.0,0,0
HASC->RICH,HASC,RICH,2026-05-27,0,0,0,0,0,1,0,0.0,0.0,0,0
NJSC->BKLY,NJSC,BKLY,2026-04-27,0,0,0,0,0,1,0,0.0,0.0,0,0
NJSC->BKLY,NJSC,BKLY,2026-04-28,1,0,0,0,0,2,4442,3176.961,1.1460898,21666,1
NJSC->BKLY,NJSC,BKLY,2026-04-29,1,0,0,1,0,1,7654,6533.845,1.1785434,43332,1
NJSC->BKLY,NJSC,BKLY,2026-04-30,1,0,0,1,0,1,7614,6531.034,1.1780365,43332,1
NJSC->BKLY,NJSC,BKLY,2026-05-01,1,0,0,1,0,1,6921,5677.395,1.0240612,43332,0
NJSC->BKLY,NJSC,BKLY,2026-05-02,1,0,0,1,0,1,7869,6456.497,1.1645918,43332,1
NJSC->BKLY,NJSC,BKLY,2026-05-03,1,0,0,1,0,1,7878,6543.428,1.180272,43332,1
NJSC->BKLY,NJSC,BKLY,2026-05-04,1,0,0,1,0,1,7847,6543.357,1.1802592,43332,1
NJSC->BKLY,NJSC,BKLY,2026-05-05,1,0,0,1,0,1,7925,6546.431,1.1808137,43332,1
NJSC->BKLY,NJSC,BKLY,2026-05-06,1,0,0,1,0,1,8266,6562.936,1.1837908,43332,1
NJSC->BKLY,NJSC,BKLY,2026-05-07,1,0,0,1,0,1,7533,6679.6,1.2048341,43332,1
NJSC->BKLY,NJSC,BKLY,2026-05-08,1,0,0,1,0,1,7407,6457.443,1.1647625,43332,1
NJSC->BKLY,NJSC,BKLY,2026-05-09,1,0,0,1,0,1,7607,6441.496,1.161886,43332,1
NJSC->BKLY,NJSC,BKLY,2026-05-10,1,0,0,1,0,1,8167,6558.19,1.1829348,43332,1
NJSC->BKLY,NJSC,BKLY,2026-05-11,1,0,0,1,0,1,7809,6541.123,1.1798563,43332,1
NJSC->BKLY,NJSC,BKLY,2026-05-12,1,0,0,1,0,1,7942,6547.497,1.181006,43332,1
NJSC->BKLY,NJSC,BKLY,2026-05-13,1,0,0,1,0,1,8105,6630.212,1.1959257,43332,1
NJSC->BKLY,NJSC,BKLY,2026-05-14,1,0,0,1,0,1,7734,6537.289,1.1791646,43332,1
NJSC->BKLY,NJSC,BKLY,2026-05-15,1,0,0,1,0,1,7263,6337.322,1.1430956,43332,1
NJSC->BKLY,NJSC,BKLY,2026-05-16,1,0,0,1,0,1,7629,6485.46,1.169816,43332,1
NJSC->BKLY,NJSC,BKLY,2026-05-17,1,0,0,1,0,1,8156,6557.532,1.182816,43332,1
NJSC->BKLY,NJSC,BKLY,2026-05-18,1,0,0,0,0,2,2779,2704.17,0.9755303,21666,1
NJSC->BKLY,NJSC,BKLY,2026-05-19,1,0,0,0,0,2,1200,1057.078,0.38134128,21666,1
NJSC->BKLY,NJSC,BKLY,2026-05-20,1,0,0,0,0,2,218,257.128,0.09275902,21666,1
NJSC->BKLY,NJSC,BKLY,2026-05-21,1,0,0,0,0,2,41,70.45,0.025414864,21666,1
NJSC->BKLY,NJSC,BKLY,2026-05-22,0,0,0,0,0,3,0,0.0,0.0,0,0
NJSC->BKLY,NJSC,BKLY,2026-05-23,0,0,0,0,0,3,0,0.0,0.0,0,0
NJSC->BKLY,NJSC,BKLY,2026-05-24,0,0,0,0,0,3,0,0.0,0.0,0,0
NJSC->BKLY,NJSC,BKLY,2026-05-25,0,0,0,0,0,3,0,0.0,0.0,0,0
NJSC->BKLY,NJSC,BKLY,2026-05-26,0,0,0,0,0,3,0,0.0,0.0,0,0
NJSC->BKLY,NJSC,BKLY,2026-05-27,0,0,0,0,0,2,0,0.0,0.0,0,0
NJSC->BOSC,NJSC,BOSC,2026-04-27,0,0,0,0,0,1,0,0.0,0.0,0,0
NJSC->BOSC,NJSC,BOSC,2026-04-28,1,0,0,1,0,2,6255,5308.717,0.9575608,129308,1
NJSC->BOSC,NJSC,BOSC,2026-04-29,1,0,0,1,0,2,9044,6451.378,1.1636685,129308,2
NJSC->BOSC,NJSC,BOSC,2026-04-30,1,0,0,2,0,1,11383,9870.149,1.1868865,193962,1
NJSC->BOSC,NJSC,BOSC,2026-05-01,1,0,0,2,0,1,11098,9015.179,1.0840764,193962,1
NJSC->BOSC,NJSC,BOSC,2026-05-02,1,0,0,2,0,1,11623,9419.903,1.1327444,193962,1
NJSC->BOSC,NJSC,BOSC,2026-05-03,1,0,0,2,0,1,11834,9740.916,1.1713463,193962,1
NJSC->BOSC,NJSC,BOSC,2026-05-04,1,0,0,3,0,0,12535,11434.316,1.0312334,258616,1
NJSC->BOSC,NJSC,BOSC,2026-05-05,1,0,0,2,0,1,11771,9386.593,1.1287389,193962,1
NJSC->BOSC,NJSC,BOSC,2026-05-06,1,0,0,2,0,1,12359,9769.2,1.1747475,193962,1
NJSC->BOSC,NJSC,BOSC,2026-05-07,1,0,0,2,0,1,11218,9939.482,1.1952239,193962,1
NJSC->BOSC,NJSC,BOSC,2026-05-08,1,0,0,2,0,1,11341,9485.492,1.1406316,193962,1
NJSC->BOSC,NJSC,BOSC,2026-05-09,1,0,0,2,0,1,11091,9523.036,1.1451463,193962,1
NJSC->BOSC,NJSC,BOSC,2026-05-10,1,0,0,2,0,1,12321,9612.949,1.1559583,193962,1
NJSC->BOSC,NJSC,BOSC,2026-05-11,1,0,0,2,0,1,11614,9729.716,1.1699995,193962,1
NJSC->BOSC,NJSC,BOSC,2026-05-12,1,0,0,3,0,0,12899,11363.051,1.0248061,258616,1
NJSC->BOSC,NJSC,BOSC,2026-05-13,1,0,0,2,0,1,11905,9743.922,1.1717077,193962,1
NJSC->BOSC,NJSC,BOSC,2026-05-14,1,0,0,2,0,1,11687,9733.818,1.1704928,193962,1
NJSC->BOSC,NJSC,BOSC,2026-05-15,1,0,0,2,0,1,10900,9066.853,1.0902902,193962,1
NJSC->BOSC,NJSC,BOSC,2026-05-16,1,0,0,2,0,1,11119,9481.738,1.1401801,193962,1
NJSC->BOSC,NJSC,BOSC,2026-05-17,1,0,0,2,0,1,12583,10046.365,1.2080766,193962,1
NJSC->BOSC,NJSC,BOSC,2026-05-18,1,0,0,1,0,2,5279,5192.23,0.9365494,129308,1
NJSC->BOSC,NJSC,BOSC,2026-05-19,1,0,0,0,0,3,3161,2842.687,1.0255004,64654,1
NJSC->BOSC,NJSC,BOSC,2026-05-20,1,0,0,0,0,3,649,785.082,0.28321862,64654,1
NJSC->BOSC,NJSC,BOSC,2026-05-21,1,0,0,0,0,3,103,158.716,0.057256855,64654,1
NJSC->BOSC,NJSC,BOSC,2026-05-22,0,0,0,0,0,4,0,0.0,0.0,0,0
NJSC->BOSC,NJSC,BOSC,2026-05-23,0,0,0,0,0,4,0,0.0,0.0,0,0
NJSC->BOSC,NJSC,BOSC,2026-05-24,0,0,0,0,0,4,0,0.0,0.0,0,0
NJSC->BOSC,NJSC,BOSC,2026-05-25,0,0,0,0,0,4,0,0.0,0.0,0,0
NJSC->BOSC,NJSC,BOSC,2026-05-26,0,0,0,0,0,4,0,0.0,0.0,0,0
NJSC->BOSC,NJSC,BOSC,2026-05-27,0,0,0,0,0,3,0,0.0,0.0,0,0
NJSC->BRWX,NJSC,BRWX,2026-04-27,0,0,0,0,0,1,0,0.0,0.0,0,0
NJSC->BRWX,NJSC,BRWX,2026-04-28,1,0,0,0,0,1,3409,2899.723,1.046076,25230,1
NJSC->BRWX,NJSC,BRWX,2026-04-29,1,0,0,0,0,1,4435,3068.844,1.1070865,25230,1
NJSC->BRWX,NJSC,BRWX,2026-04-30,1,0,0,1,0,0,5593,5109.217,0.92157596,50460,0
NJSC->BRWX,NJSC,BRWX,2026-05-01,1,0,0,0,0,1,4377,3218.753,1.1611663,25230,1
NJSC->BRWX,NJSC,BRWX,2026-05-02,1,0,0,1,0,0,5860,5162.502,0.9311872,50460,0
NJSC->BRWX,NJSC,BRWX,2026-05-03,1,0,0,1,0,0,5487,4612.144,0.83191633,50460,0
NJSC->BRWX,NJSC,BRWX,2026-05-04,1,0,0,1,0,0,5447,4712.585,0.85003334,50460,0
NJSC->BRWX,NJSC,BRWX,2026-05-05,1,0,0,0,0,1,4707,3281.143,1.1836735,25230,0
NJSC->BRWX,NJSC,BRWX,2026-05-06,1,0,0,1,0,0,6315,5768.326,1.0404629,50460,0
NJSC->BRWX,NJSC,BRWX,2026-05-07,1,0,0,1,0,0,5259,4609.109,0.83136886,50460,0
NJSC->BRWX,NJSC,BRWX,2026-05-08,1,0,0,0,0,1,4386,3219.217,1.1613337,25230,1
NJSC->BRWX,NJSC,BRWX,2026-05-09,1,0,0,1,0,0,5681,5108.919,0.9215222,50460,0
NJSC->BRWX,NJSC,BRWX,2026-05-10,1,0,0,1,0,0,5665,4672.616,0.842824,50460,0
NJSC->BRWX,NJSC,BRWX,2026-05-11,1,0,0,0,0,1,4576,3228.157,1.1645588,25230,0
NJSC->BRWX,NJSC,BRWX,2026-05-12,1,0,0,1,0,0,6197,5823.044,1.0503327,50460,0
NJSC->BRWX,NJSC,BRWX,2026-05-13,1,0,0,1,0,0,5667,4790.953,0.864169,50460,0
NJSC->BRWX,NJSC,BRWX,2026-05-14,1,0,0,0,0,1,4613,3230.546,1.1654207,25230,0
NJSC->BRWX,NJSC,BRWX,2026-05-15,1,0,0,1,0,0,5286,4936.794,0.8904751,50460,0
NJSC->BRWX,NJSC,BRWX,2026-05-16,1,0,0,0,0,1,4669,3322.747,1.1986822,25230,0
NJSC->BRWX,NJSC,BRWX,2026-05-17,1,0,0,1,0,0,6397,5946.059,1.0725214,50460,0
NJSC->BRWX,NJSC,BRWX,2026-05-18,1,0,0,0,0,1,1735,1564.553,0.5644131,25230,1
NJSC->BRWX,NJSC,BRWX,2026-05-19,1,0,0,0,0,1,849,753.712,0.27190188,25230,1
NJSC->BRWX,NJSC,BRWX,2026-05-20,1,0,0,0,0,1,147,185.295,0.06684524,25230,1
NJSC->BRWX,NJSC,BRWX,2026-05-21,1,0,0,0,0,1,30,49.408,0.017823953,25230,1
NJSC->BRWX,NJSC,BRWX,2026-05-22,0,0,0,0,0,2,0,0.0,0.0,0,0
NJSC->BRWX,NJSC,BRWX,2026-05-23,0,0,0,0,0,2,0,0.0,0.0,0,0
NJSC->BRWX,NJSC,BRWX,2026-05-24,0,0,0,0,0,2,0,0.0,0.0,0,0
NJSC->BRWX,NJSC,BRWX,2026-05-25,0,0,0,0,0,2,0,0.0,0.0,0,0
NJSC->BRWX,NJSC,BRWX,2026-05-26,0,0,0,0,0,2,0,0.0,0.0,0,0
NJSC->BRWX,NJSC,BRWX,2026-05-27,0,0,0,0,0,1,0,0.0,0.0,0,0
NJSC->CNJY,NJSC,CNJY,2026-04-27,0,0,0,0,0,1,0,0.0,0.0,0,0
NJSC->CNJY,NJSC,CNJY,2026-04-28,1,0,0,0,0,1,1892,1582.148,0.5707605,19004,1
NJSC->CNJY,NJSC,CNJY,2026-04-29,1,0,0,0,0,1,2561,2090.351,0.7540949,19004,1
NJSC->CNJY,NJSC,CNJY,2026-04-30,1,0,0,0,0,1,2629,2188.466,0.7894899,19004,1
NJSC->CNJY,NJSC,CNJY,2026-05-01,1,0,0,0,0,1,2548,2069.577,0.7466006,19004,1
NJSC->CNJY,NJSC,CNJY,2026-05-02,1,0,0,0,0,1,2864,2331.556,0.8411097,19004,1
NJSC->CNJY,NJSC,CNJY,2026-05-03,1,0,0,0,0,1,2926,2438.034,0.87952167,19004,1
NJSC->CNJY,NJSC,CNJY,2026-05-04,1,0,0,0,0,1,2953,2608.5,0.9410173,19004,1
NJSC->CNJY,NJSC,CNJY,2026-05-05,1,0,0,0,0,1,2819,2299.83,0.8296645,19004,1
NJSC->CNJY,NJSC,CNJY,2026-05-06,1,0,0,0,0,1,3004,2426.219,0.8752594,19004,1
NJSC->CNJY,NJSC,CNJY,2026-05-07,1,0,0,0,0,1,2690,2379.306,0.8583355,19004,1
NJSC->CNJY,NJSC,CNJY,2026-05-08,1,0,0,0,0,1,2577,2094.884,0.75573015,19004,1
NJSC->CNJY,NJSC,CNJY,2026-05-09,1,0,0,0,0,1,2775,2335.585,0.84256315,19004,1
NJSC->CNJY,NJSC,CNJY,2026-05-10,1,0,0,0,0,1,3046,2484.858,0.89641345,19004,1
NJSC->CNJY,NJSC,CNJY,2026-05-11,1,0,0,0,0,1,2800,2322.748,0.83793217,19004,1
NJSC->CNJY,NJSC,CNJY,2026-05-12,1,0,0,0,0,1,2956,2571.632,0.92771715,19004,1
NJSC->CNJY,NJSC,CNJY,2026-05-13,1,0,0,0,0,1,2982,2482.902,0.8957078,19004,1
NJSC->CNJY,NJSC,CNJY,2026-05-14,1,0,0,0,0,1,2723,2268.261,0.818276,19004,1
NJSC->CNJY,NJSC,CNJY,2026-05-15,1,0,0,0,0,1,2524,2039.239,0.7356562,19004,1
NJSC->CNJY,NJSC,CNJY,2026-05-16,1,0,0,0,0,1,2763,2370.873,0.8552933,19004,1
NJSC->CNJY,NJSC,CNJY,2026-05-17,1,0,0,0,0,1,3110,2561.62,0.92410535,19004,1
NJSC->CNJY,NJSC,CNJY,2026-05-18,1,0,0,0,0,1,857,801.047,0.28897798,19004,1
NJSC->CNJY,NJSC,CNJY,2026-05-19,1,0,0,0,0,1,486,430.252,0.15521356,19004,1
NJSC->CNJY,NJSC,CNJY,2026-05-20,1,0,0,0,0,1,88,107.197,0.038671356,19004,1
NJSC->CNJY,NJSC,CNJY,2026-05-21,1,0,0,0,0,1,16,23.082,0.00832684,19004,1
NJSC->CNJY,NJSC,CNJY,2026-05-22,0,0,0,0,0,2,0,0.0,0.0,0,0
NJSC->CNJY,NJSC,CNJY,2026-05-23,0,0,0,0,0,2,0,0.0,0.0,0,0
NJSC->CNJY,NJSC,CNJY,2026-05-24,0,0,0,0,0,2,0,0.0,0.0,0,0
NJSC->CNJY,NJSC,CNJY,2026-05-25,0,0,0,0,0,2,0,0.0,0.0,0,0
NJSC->CNJY,NJSC,CNJY,2026-05-26,0,0,0,0,0,2,0,0.0,0.0,0,0
NJSC->CNJY,NJSC,CNJY,2026-05-27,0,0,0,0,0,1,0,0.0,0.0,0,0
NJSC->HASC,NJSC,HASC,2026-04-27,0,0,0,0,0,1,0,0.0,0.0,0,0
NJSC->HASC,NJSC,HASC,2026-04-28,1,0,0,1,0,1,7871,6544.648,1.180492,108452,1
NJSC->HASC,NJSC,HASC,2026-04-29,1,0,0,2,0,0,8817,7410.376,0.8910986,162678,1
NJSC->HASC,NJSC,HASC,2026-04-30,1,0,0,1,0,1,7801,6498.03,1.1720834,108452,1
NJSC->HASC,NJSC,HASC,2026-05-01,1,0,0,1,0,1,6955,5833.837,1.0522794,108452,1
NJSC->HASC,NJSC,HASC,2026-05-02,1,0,0,2,0,0,8954,7503.725,0.90232384,162678,1
NJSC->HASC,NJSC,HASC,2026-05-03,1,0,0,2,0,0,8884,7430.771,0.8935511,162678,1
NJSC->HASC,NJSC,HASC,2026-05-04,1,0,0,1,0,1,8197,6560.504,1.1833521,108452,1
NJSC->HASC,NJSC,HASC,2026-05-05,1,0,0,1,0,1,8122,6557.796,1.1828636,108452,0
NJSC->HASC,NJSC,HASC,2026-05-06,1,0,0,2,0,0,9308,8280.946,0.99578476,162678,0
NJSC->HASC,NJSC,HASC,2026-05-07,1,0,0,1,0,1,7791,6495.777,1.171677,108452,1
NJSC->HASC,NJSC,HASC,2026-05-08,1,0,0,1,0,1,6991,5873.256,1.0593896,108452,1
NJSC->HASC,NJSC,HASC,2026-05-09,1,0,0,2,0,0,8951,7459.226,0.89697284,162678,1
NJSC->HASC,NJSC,HASC,2026-05-10,1,0,0,2,0,0,8852,7437.67,0.8943807,162678,1
NJSC->HASC,NJSC,HASC,2026-05-11,1,0,0,1,0,1,8192,6563.66,1.1839213,108452,1
NJSC->HASC,NJSC,HASC,2026-05-12,1,0,0,1,0,1,8126,6556.377,1.1826077,108452,0
NJSC->HASC,NJSC,HASC,2026-05-13,1,0,0,2,0,0,9322,8290.116,0.99688745,162678,0
NJSC->HASC,NJSC,HASC,2026-05-14,1,0,0,1,0,1,7769,6496.437,1.171796,108452,1
NJSC->HASC,NJSC,HASC,2026-05-15,1,0,0,1,0,1,6992,5845.933,1.0544612,108452,1
NJSC->HASC,NJSC,HASC,2026-05-16,1,0,0,2,0,0,8961,7497.27,0.9015476,162678,1
NJSC->HASC,NJSC,HASC,2026-05-17,1,0,0,2,0,0,8849,7410.221,0.89107996,162678,1
NJSC->HASC,NJSC,HASC,2026-05-18,1,0,0,0,0,2,477,383.895,0.13849026,54226,1
NJSC->HASC,NJSC,HASC,2026-05-19,1,0,0,0,0,2,4,3.626,0.0013080809,54226,1
NJSC->HASC,NJSC,HASC,2026-05-20,0,0,0,0,0,3,0,0.0,0.0,0,0
NJSC->HASC,NJSC,HASC,2026-05-21,0,0,0,0,0,3,0,0.0,0.0,0,0
NJSC->HASC,NJSC,HASC,2026-05-22,0,0,0,0,0,3,0,0.0,0.0,0,0
NJSC->HASC,NJSC,HASC,2026-05-23,0,0,0,0,0,3,0,0.0,0.0,0,0
NJSC->HASC,NJSC,HASC,2026-05-24,0,0,0,0,0,3,0,0.0,0.0,0,0
NJSC->HASC,NJSC,HASC,2026-05-25,0,0,0,0,0,3,0,0.0,0.0,0,0
NJSC->HASC,NJSC,HASC,2026-05-26,0,0,0,0,0,3,0,0.0,0.0,0,0
NJSC->HASC,NJSC,HASC,2026-05-27,0,0,0,0,0,2,0,0.0,0.0,0,0
NJSC->LEHI,NJSC,LEHI,2026-04-27,0,0,0,0,0,1,0,0.0,0.0,0,0
NJSC->LEHI,NJSC,LEHI,2026-04-28,1,0,0,0,0,1,2187,1851.345,0.6678734,30246,1
NJSC->LEHI,NJSC,LEHI,2026-04-29,1,0,0,0,0,1,3044,2479.104,0.89433765,30246,1
NJSC->LEHI,NJSC,LEHI,2026-04-30,1,0,0,0,0,1,3151,2612.601,0.9424968,30246,1
NJSC->LEHI,NJSC,LEHI,2026-05-01,1,0,0,0,0,1,3125,2492.981,0.8993438,30246,1
NJSC->LEHI,NJSC,LEHI,2026-05-02,1,0,0,0,0,1,3436,2836.132,1.0231357,30246,1
NJSC->LEHI,NJSC,LEHI,2026-05-03,1,0,0,0,0,1,3547,2956.234,1.0664625,30246,1
NJSC->LEHI,NJSC,LEHI,2026-05-04,1,0,0,0,0,1,3592,3153.664,1.1376854,30246,1
NJSC->LEHI,NJSC,LEHI,2026-05-05,1,0,0,0,0,1,3407,2793.247,1.0076649,30246,1
NJSC->LEHI,NJSC,LEHI,2026-05-06,1,0,0,0,0,1,3585,2886.507,1.0413084,30246,1
NJSC->LEHI,NJSC,LEHI,2026-05-07,1,0,0,0,0,1,3315,2952.169,1.064996,30246,1
NJSC->LEHI,NJSC,LEHI,2026-05-08,1,0,0,0,0,1,3077,2475.429,0.8930119,30246,1
NJSC->LEHI,NJSC,LEHI,2026-05-09,1,0,0,0,0,1,3345,2834.976,1.0227187,30246,1
NJSC->LEHI,NJSC,LEHI,2026-05-10,1,0,0,0,0,1,3724,3029.657,1.0929499,30246,1
NJSC->LEHI,NJSC,LEHI,2026-05-11,1,0,0,0,0,1,3376,2787.35,1.0055375,30246,1
NJSC->LEHI,NJSC,LEHI,2026-05-12,1,0,0,0,0,1,3619,3142.709,1.1337334,30246,1
NJSC->LEHI,NJSC,LEHI,2026-05-13,1,0,0,0,0,1,3552,2994.05,1.0801046,30246,1
NJSC->LEHI,NJSC,LEHI,2026-05-14,1,0,0,0,0,1,3262,2671.041,0.963579,30246,1
NJSC->LEHI,NJSC,LEHI,2026-05-15,1,0,0,0,0,1,3052,2499.512,0.90169984,30246,1
NJSC->LEHI,NJSC,LEHI,2026-05-16,1,0,0,0,0,1,3373,2853.489,1.0293971,30246,1
NJSC->LEHI,NJSC,LEHI,2026-05-17,1,0,0,0,0,1,3685,3031.294,1.0935404,30246,1
NJSC->LEHI,NJSC,LEHI,2026-05-18,1,0,0,0,0,1,1168,1111.332,0.40091342,30246,1
NJSC->LEHI,NJSC,LEHI,2026-05-19,1,0,0,0,0,1,629,555.13,0.20026335,30246,1
NJSC->LEHI,NJSC,LEHI,2026-05-20,1,0,0,0,0,1,111,140.657,0.050742064,30246,1
NJSC->LEHI,NJSC,LEHI,2026-05-21,1,0,0,0,0,1,17,26.5,0.009559885,30246,1
NJSC->LEHI,NJSC,LEHI,2026-05-22,0,0,0,0,0,2,0,0.0,0.0,0,0
NJSC->LEHI,NJSC,LEHI,2026-05-23,0,0,0,0,0,2,0,0.0,0.0,0,0
NJSC->LEHI,NJSC,LEHI,2026-05-24,0,0,0,0,0,2,0,0.0,0.0,0,0
NJSC->LEHI,NJSC,LEHI,2026-05-25,0,0,0,0,0,2,0,0.0,0.0,0,0
NJSC->LEHI,NJSC,LEHI,2026-05-26,0,0,0,0,0,2,0,0.0,0.0,0,0
NJSC->LEHI,NJSC,LEHI,2026-05-27,0,0,0,0,0,1,0,0.0,0.0,0,0
NJSC->LNIS,NJSC,LNIS,2026-04-27,0,0,0,0,0,1,0,0.0,0.0,0,0
NJSC->LNIS,NJSC,LNIS,2026-04-28,1,0,0,0,0,1,2780,2348.559,0.8472435,29498,1
NJSC->LNIS,NJSC,LNIS,2026-04-29,1,0,0,0,0,1,3822,3039.338,1.0964422,29498,1
NJSC->LNIS,NJSC,LNIS,2026-04-30,1,0,0,0,0,1,3909,3195.028,1.1526076,29498,1
NJSC->LNIS,NJSC,LNIS,2026-05-01,1,0,0,0,0,1,3854,3191.501,1.1513351,29498,1
NJSC->LNIS,NJSC,LNIS,2026-05-02,1,0,0,0,0,1,4080,3202.596,1.1553377,29498,1
NJSC->LNIS,NJSC,LNIS,2026-05-03,1,0,0,0,0,1,4133,3205.334,1.1563253,29498,1
NJSC->LNIS,NJSC,LNIS,2026-05-04,1,0,0,1,0,0,4812,4608.817,0.8313162,58996,0
NJSC->LNIS,NJSC,LNIS,2026-05-05,1,0,0,0,0,1,4080,3202.639,1.1553532,29498,1
NJSC->LNIS,NJSC,LNIS,2026-05-06,1,0,0,0,0,1,4240,3210.681,1.1582544,29498,1
NJSC->LNIS,NJSC,LNIS,2026-05-07,1,0,0,0,0,1,4020,3476.704,1.2542223,29498,0
NJSC->LNIS,NJSC,LNIS,2026-05-08,1,0,0,0,0,1,3828,3190.386,1.1509329,29498,1
NJSC->LNIS,NJSC,LNIS,2026-05-09,1,0,0,0,0,1,4072,3350.569,1.208719,29498,0
NJSC->LNIS,NJSC,LNIS,2026-05-10,1,0,0,1,0,0,5047,4634.165,0.8358883,58996,0
NJSC->LNIS,NJSC,LNIS,2026-05-11,1,0,0,0,0,1,4026,3201.49,1.1549387,29498,1
NJSC->LNIS,NJSC,LNIS,2026-05-12,1,0,0,0,0,1,4066,3202.008,1.1551255,29498,0
NJSC->LNIS,NJSC,LNIS,2026-05-13,1,0,0,1,0,0,4913,4519.927,0.81528264,58996,0
NJSC->LNIS,NJSC,LNIS,2026-05-14,1,0,0,0,0,1,3996,3199.846,1.1543456,29498,1
NJSC->LNIS,NJSC,LNIS,2026-05-15,1,0,0,0,0,1,3792,3188.579,1.1502811,29498,1
NJSC->LNIS,NJSC,LNIS,2026-05-16,1,0,0,0,0,1,3964,3197.931,1.1536548,29498,1
NJSC->LNIS,NJSC,LNIS,2026-05-17,1,0,0,1,0,0,4824,4254.275,0.76736563,58996,0
NJSC->LNIS,NJSC,LNIS,2026-05-18,1,0,0,0,0,1,1410,1224.881,0.44187626,29498,1
NJSC->LNIS,NJSC,LNIS,2026-05-19,1,0,0,0,0,1,632,575.316,0.20754546,29498,1
NJSC->LNIS,NJSC,LNIS,2026-05-20,1,0,0,0,0,1,139,159.049,0.057376985,29498,1
NJSC->LNIS,NJSC,LNIS,2026-05-21,1,0,0,0,0,1,20,24.926,0.008992064,29498,1
NJSC->LNIS,NJSC,LNIS,2026-05-22,0,0,0,0,0,2,0,0.0,0.0,0,0
NJSC->LNIS,NJSC,LNIS,2026-05-23,0,0,0,0,0,2,0,0.0,0.0,0,0
NJSC->LNIS,NJSC,LNIS,2026-05-24,0,0,0,0,0,2,0,0.0,0.0,0,0
NJSC->LNIS,NJSC,LNIS,2026-05-25,0,0,0,0,0,2,0,0.0,0.0,0,0
NJSC->LNIS,NJSC,LNIS,2026-05-26,0,0,0,0,0,2,0,0.0,0.0,0,0
NJSC->LNIS,NJSC,LNIS,2026-05-27,0,0,0,0,0,1,0,0.0,0.0,0,0
NJSC->NRJY,NJSC,NRJY,2026-04-27,0,0,0,0,0,1,0,0.0,0.0,0,0
NJSC->NRJY,NJSC,NRJY,2026-04-28,1,0,0,0,0,1,3716,3032.994,1.0941536,21842,1
NJSC->NRJY,NJSC,NRJY,2026-04-29,1,0,0,1,0,0,5610,4648.251,0.8384291,43684,0
NJSC->NRJY,NJSC,NRJY,2026-04-30,1,0,0,0,0,1,4808,3356.393,1.21082,21842,0
NJSC->NRJY,NJSC,NRJY,2026-05-01,1,0,0,1,0,0,5960,5502.621,0.99253625,43684,0
NJSC->NRJY,NJSC,NRJY,2026-05-02,1,0,0,1,0,0,5886,4815.109,0.86852616,43684,0
NJSC->NRJY,NJSC,NRJY,2026-05-03,1,0,0,1,0,0,6018,5031.275,0.90751714,43684,0
NJSC->NRJY,NJSC,NRJY,2026-05-04,1,0,0,1,0,0,6105,5324.319,0.960375,43684,0
NJSC->NRJY,NJSC,NRJY,2026-05-05,1,0,0,1,0,0,5874,4810.771,0.8677437,43684,0
NJSC->NRJY,NJSC,NRJY,2026-05-06,1,0,0,1,0,0,6305,5134.705,0.9261733,43684,0
NJSC->NRJY,NJSC,NRJY,2026-05-07,1,0,0,1,0,0,5652,4956.864,0.89409524,43684,0
NJSC->NRJY,NJSC,NRJY,2026-05-08,1,0,0,0,0,1,4684,3233.654,1.1665418,21842,1
NJSC->NRJY,NJSC,NRJY,2026-05-09,1,0,0,1,0,0,6310,5924.987,1.0687206,43684,0
NJSC->NRJY,NJSC,NRJY,2026-05-10,1,0,0,1,0,0,6275,5151.638,0.92922765,43684,0
NJSC->NRJY,NJSC,NRJY,2026-05-11,1,0,0,1,0,0,5760,4731.625,0.8534677,43684,0
NJSC->NRJY,NJSC,NRJY,2026-05-12,1,0,0,1,0,0,6205,5341.687,0.9635078,43684,0
NJSC->NRJY,NJSC,NRJY,2026-05-13,1,0,0,1,0,0,6184,5244.211,0.94592553,43684,0
NJSC->NRJY,NJSC,NRJY,2026-05-14,1,0,0,1,0,0,5709,4686.711,0.84536636,43684,0
NJSC->NRJY,NJSC,NRJY,2026-05-15,1,0,0,0,0,1,4614,3230.388,1.1653637,21842,1
NJSC->NRJY,NJSC,NRJY,2026-05-16,1,0,0,1,0,0,6315,5873.593,1.0594504,43684,0
NJSC->NRJY,NJSC,NRJY,2026-05-17,1,0,0,1,0,0,6324,5291.119,0.95438653,43684,0
NJSC->NRJY,NJSC,NRJY,2026-05-18,1,0,0,0,0,1,1950,1715.833,0.6189874,21842,1
NJSC->NRJY,NJSC,NRJY,2026-05-19,1,0,0,0,0,1,892,801.606,0.28917965,21842,1
NJSC->NRJY,NJSC,NRJY,2026-05-20,1,0,0,0,0,1,186,242.925,0.08763528,21842,1
NJSC->NRJY,NJSC,NRJY,2026-05-21,1,0,0,0,0,1,27,32.04,0.011558441,21842,1
NJSC->NRJY,NJSC,NRJY,2026-05-22,0,0,0,0,0,2,0,0.0,0.0,0,0
NJSC->NRJY,NJSC,NRJY,2026-05-23,0,0,0,0,0,2,0,0.0,0.0,0,0
NJSC->NRJY,NJSC,NRJY,2026-05-24,0,0,0,0,0,2,0,0.0,0.0,0,0
NJSC->NRJY,NJSC,NRJY,2026-05-25,0,0,0,0,0,2,0,0.0,0.0,0,0
NJSC->NRJY,NJSC,NRJY,2026-05-26,0,0,0,0,0,2,0,0.0,0.0,0,0
NJSC->NRJY,NJSC,NRJY,2026-05-27,0,0,0,0,0,1,0,0.0,0.0,0,0
NJSC->PHLA,NJSC,PHLA,2026-04-27,0,0,0,0,0,1,0,0.0,0.0,0,0
NJSC->PHLA,NJSC,PHLA,2026-04-28,1,0,0,0,0,2,3964,3045.394,1.098627,29828,1
NJSC->PHLA,NJSC,PHLA,2026-04-29,1,0,0,1,0,1,8027,6655.891,1.2005576,59656,0
NJSC->PHLA,NJSC,PHLA,2026-04-30,1,0,0,1,0,1,8733,6587.382,1.1882002,59656,1
NJSC->PHLA,NJSC,PHLA,2026-05-01,1,0,0,1,0,1,8394,6570.182,1.1850978,59656,1
NJSC->PHLA,NJSC,PHLA,2026-05-02,1,0,0,2,0,0,9380,8867.003,1.0662582,89484,1
NJSC->PHLA,NJSC,PHLA,2026-05-03,1,0,0,1,0,1,8667,6584.422,1.1876663,59656,1
NJSC->PHLA,NJSC,PHLA,2026-05-04,1,0,0,2,0,0,10833,9834.854,1.1826423,89484,0
NJSC->PHLA,NJSC,PHLA,2026-05-05,1,0,0,1,0,1,8807,6590.767,1.1888108,59656,1
NJSC->PHLA,NJSC,PHLA,2026-05-06,1,0,0,2,0,0,9891,8623.547,1.0369825,89484,1
NJSC->PHLA,NJSC,PHLA,2026-05-07,1,0,0,1,0,1,8946,6621.659,1.1943829,59656,0
NJSC->PHLA,NJSC,PHLA,2026-05-08,1,0,0,1,0,1,8476,6798.585,1.226296,59656,0
NJSC->PHLA,NJSC,PHLA,2026-05-09,1,0,0,2,0,0,10033,9954.053,1.1969761,89484,0
NJSC->PHLA,NJSC,PHLA,2026-05-10,1,0,0,1,0,1,8818,6591.967,1.1890272,59656,1
NJSC->PHLA,NJSC,PHLA,2026-05-11,1,0,0,2,0,0,9936,8435.471,1.0143664,89484,1
NJSC->PHLA,NJSC,PHLA,2026-05-12,1,0,0,1,0,1,8806,6728.64,1.2136797,59656,0
NJSC->PHLA,NJSC,PHLA,2026-05-13,1,0,0,2,0,0,10845,9995.648,1.2019778,89484,0
NJSC->PHLA,NJSC,PHLA,2026-05-14,1,0,0,1,0,1,8932,6798.799,1.2263346,59656,1
NJSC->PHLA,NJSC,PHLA,2026-05-15,1,0,0,2,0,0,9366,8229.856,0.9896412,89484,1
NJSC->PHLA,NJSC,PHLA,2026-05-16,1,0,0,1,0,1,8008,6551.649,1.1817548,59656,1
NJSC->PHLA,NJSC,PHLA,2026-05-17,1,0,0,2,0,0,10683,9985.382,1.2007434,89484,0
NJSC->PHLA,NJSC,PHLA,2026-05-18,1,0,0,1,0,1,4920,4189.282,0.7556425,59656,2
NJSC->PHLA,NJSC,PHLA,2026-05-19,1,0,0,0,0,2,2327,1758.209,0.63427454,29828,1
NJSC->PHLA,NJSC,PHLA,2026-05-20,1,0,0,0,0,2,486,534.333,0.19276083,29828,1
NJSC->PHLA,NJSC,PHLA,2026-05-21,1,0,0,0,0,2,63,97.258,0.035085857,29828,1
NJSC->PHLA,NJSC,PHLA,2026-05-22,0,0,0,0,0,3,0,0.0,0.0,0,0
NJSC->PHLA,NJSC,PHLA,2026-05-23,0,0,0,0,0,3,0,0.0,0.0,0,0
NJSC->PHLA,NJSC,PHLA,2026-05-24,0,0,0,0,0,3,0,0.0,0.0,0,0
NJSC->PHLA,NJSC,PHLA,2026-05-25,0,0,0,0,0,3,0,0.0,0.0,0,0
NJSC->PHLA,NJSC,PHLA,2026-05-26,0,0,0,0,0,3,0,0.0,0.0,0,0
NJSC->PHLA,NJSC,PHLA,2026-05-27,0,0,0,0,0,2,0,0.0,0.0,0,0
NJSC->QUEE,NJSC,QUEE,2026-04-27,0,0,0,0,0,1,0,0.0,0.0,0,0
NJSC->QUEE,NJSC,QUEE,2026-04-28,1,0,0,0,0,2,4126,3053.536,1.1015642,23800,1
NJSC->QUEE,NJSC,QUEE,2026-04-29,1,0,0,1,0,1,6709,5924.148,1.0685693,47600,1
NJSC->QUEE,NJSC,QUEE,2026-04-30,1,0,0,1,0,1,6303,5170.84,0.9326912,47600,0
NJSC->QUEE,NJSC,QUEE,2026-05-01,1,0,0,1,0,1,6057,4908.76,0.8854185,47600,2
NJSC->QUEE,NJSC,QUEE,2026-05-02,1,0,0,1,0,1,6901,5657.327,1.0204414,47600,1
NJSC->QUEE,NJSC,QUEE,2026-05-03,1,0,0,1,0,1,7050,5838.989,1.0532087,47600,1
NJSC->QUEE,NJSC,QUEE,2026-05-04,1,0,0,1,0,1,7122,6346.242,1.1447046,47600,1
NJSC->QUEE,NJSC,QUEE,2026-05-05,1,0,0,1,0,1,6738,5364.27,0.96758115,47600,1
NJSC->QUEE,NJSC,QUEE,2026-05-06,1,0,0,1,0,1,7116,5841.154,1.0535992,47600,1
NJSC->QUEE,NJSC,QUEE,2026-05-07,1,0,0,1,0,1,6507,5748.865,1.0369526,47600,1
NJSC->QUEE,NJSC,QUEE,2026-05-08,1,0,0,1,0,1,6066,4941.443,0.8913137,47600,2
NJSC->QUEE,NJSC,QUEE,2026-05-09,1,0,0,1,0,1,6745,5728.214,1.0332277,47600,1
NJSC->QUEE,NJSC,QUEE,2026-05-10,1,0,0,1,0,1,7299,5952.242,1.0736368,47600,1
NJSC->QUEE,NJSC,QUEE,2026-05-11,1,0,0,1,0,1,6683,5513.002,0.9944087,47600,0
NJSC->QUEE,NJSC,QUEE,2026-05-12,1,0,0,1,0,1,7118,6157.109,1.1105896,47600,1
NJSC->QUEE,NJSC,QUEE,2026-05-13,1,0,0,1,0,1,7066,5925.694,1.0688481,47600,1
NJSC->QUEE,NJSC,QUEE,2026-05-14,1,0,0,1,0,1,6499,5372.284,0.9690267,47600,0
NJSC->QUEE,NJSC,QUEE,2026-05-15,1,0,0,1,0,1,6015,4935.603,0.8902603,47600,2
NJSC->QUEE,NJSC,QUEE,2026-05-16,1,0,0,1,0,1,6721,5696.008,1.0274185,47600,1
NJSC->QUEE,NJSC,QUEE,2026-05-17,1,0,0,1,0,1,7469,6193.59,1.1171699,47600,1
NJSC->QUEE,NJSC,QUEE,2026-05-18,1,0,0,0,0,2,1934,1758.555,0.63439935,23800,1
NJSC->QUEE,NJSC,QUEE,2026-05-19,1,0,0,0,0,2,1122,1005.444,0.3627143,23800,1
NJSC->QUEE,NJSC,QUEE,2026-05-20,1,0,0,0,0,2,217,280.422,0.10116234,23800,1
NJSC->QUEE,NJSC,QUEE,2026-05-21,1,0,0,0,0,2,29,45.806,0.016524531,23800,1
NJSC->QUEE,NJSC,QUEE,2026-05-22,0,0,0,0,0,3,0,0.0,0.0,0,0
NJSC->QUEE,NJSC,QUEE,2026-05-23,0,0,0,0,0,3,0,0.0,0.0,0,0
NJSC->QUEE,NJSC,QUEE,2026-05-24,0,0,0,0,0,3,0,0.0,0.0,0,0
NJSC->QUEE,NJSC,QUEE,2026-05-25,0,0,0,0,0,3,0,0.0,0.0,0,0
NJSC->QUEE,NJSC,QUEE,2026-05-26,0,0,0,0,0,3,0,0.0,0.0,0,0
NJSC->QUEE,NJSC,QUEE,2026-05-27,0,0,0,0,0,2,0,0.0,0.0,0,0
NJSC->SYRA,NJSC,SYRA,2026-04-27,0,0,0,0,0,1,0,0.0,0.0,0,0
NJSC->SYRA,NJSC,SYRA,2026-04-28,1,0,0,0,0,1,657,574.639,0.20730123,66942,1
NJSC->SYRA,NJSC,SYRA,2026-04-29,1,0,0,0,0,1,1249,935.839,0.33760425,66942,1
NJSC->SYRA,NJSC,SYRA,2026-04-30,1,0,0,0,0,1,1144,974.819,0.3516663,66942,1
NJSC->SYRA,NJSC,SYRA,2026-05-01,1,0,0,0,0,1,1227,928.733,0.33504078,66942,1
NJSC->SYRA,NJSC,SYRA,2026-05-02,1,0,0,0,0,1,1303,1113.523,0.40170383,66942,1
NJSC->SYRA,NJSC,SYRA,2026-05-03,1,0,0,0,0,1,1259,975.961,0.3520783,66942,1
NJSC->SYRA,NJSC,SYRA,2026-05-04,1,0,0,0,0,1,1509,1340.998,0.4837655,66942,1
NJSC->SYRA,NJSC,SYRA,2026-05-05,1,0,0,0,0,1,1265,1064.6,0.38405484,66942,1
NJSC->SYRA,NJSC,SYRA,2026-05-06,1,0,0,0,0,1,1319,1034.794,0.3733023,66942,1
NJSC->SYRA,NJSC,SYRA,2026-05-07,1,0,0,0,0,1,1317,1224.779,0.44183946,66942,1
NJSC->SYRA,NJSC,SYRA,2026-05-08,1,0,0,0,0,1,1203,932.793,0.3365054,66942,1
NJSC->SYRA,NJSC,SYRA,2026-05-09,1,0,0,0,0,1,1256,1119.706,0.40393433,66942,1
NJSC->SYRA,NJSC,SYRA,2026-05-10,1,0,0,0,0,1,1484,1212.445,0.43738997,66942,1
NJSC->SYRA,NJSC,SYRA,2026-05-11,1,0,0,0,0,1,1150,872.062,0.31459668,66942,1
NJSC->SYRA,NJSC,SYRA,2026-05-12,1,0,0,0,0,1,1447,1325.073,0.47802055,66942,1
NJSC->SYRA,NJSC,SYRA,2026-05-13,1,0,0,0,0,1,1349,1104.915,0.3985985,66942,1
NJSC->SYRA,NJSC,SYRA,2026-05-14,1,0,0,0,0,1,1318,1096.414,0.39553174,66942,1
NJSC->SYRA,NJSC,SYRA,2026-05-15,1,0,0,0,0,1,1173,919.209,0.331605,66942,1
NJSC->SYRA,NJSC,SYRA,2026-05-16,1,0,0,0,0,1,1168,1010.987,0.36471394,66942,1
NJSC->SYRA,NJSC,SYRA,2026-05-17,1,0,0,0,0,1,1578,1382.901,0.49888203,66942,1
NJSC->SYRA,NJSC,SYRA,2026-05-18,1,0,0,0,0,1,601,519.749,0.18749964,66942,1
NJSC->SYRA,NJSC,SYRA,2026-05-19,1,0,0,0,0,1,190,182.516,0.06584271,66942,1
NJSC->SYRA,NJSC,SYRA,2026-05-20,1,0,0,0,0,1,64,76.327,0.027534993,66942,1
NJSC->SYRA,NJSC,SYRA,2026-05-21,1,0,0,0,0,1,7,10.55,0.0038059163,66942,1
NJSC->SYRA,NJSC,SYRA,2026-05-22,0,0,0,0,0,2,0,0.0,0.0,0,0
NJSC->SYRA,NJSC,SYRA,2026-05-23,0,0,0,0,0,2,0,0.0,0.0,0,0
NJSC->SYRA,NJSC,SYRA,2026-05-24,0,0,0,0,0,2,0,0.0,0.0,0,0
NJSC->SYRA,NJSC,SYRA,2026-05-25,0,0,0,0,0,2,0,0.0,0.0,0,0
NJSC->SYRA,NJSC,SYRA,2026-05-26,0,0,0,0,0,2,0,0.0,0.0,0,0
NJSC->SYRA,NJSC,SYRA,2026-05-27,0,0,0,0,0,1,0,0.0,0.0,0,0
QUEE->NJSC,QUEE,NJSC,2026-04-27,0,0,0,0,0,1,0,0.0,0.0,0,0
QUEE->NJSC,QUEE,NJSC,2026-04-28,1,0,0,0,0,1,1780,1491.069,0.53790367,23800,1
QUEE->NJSC,QUEE,NJSC,2026-04-29,1,0,0,0,0,1,1967,1646.34,0.5939177,23800,1
QUEE->NJSC,QUEE,NJSC,2026-04-30,1,0,0,0,0,1,1642,1371.68,0.49483407,23800,1
QUEE->NJSC,QUEE,NJSC,2026-05-01,1,0,0,0,0,1,1486,1236.705,0.44614178,23800,1
QUEE->NJSC,QUEE,NJSC,2026-05-02,1,0,0,0,0,1,1960,1645.762,0.59370923,23800,1
QUEE->NJSC,QUEE,NJSC,2026-05-03,1,0,0,0,0,1,1875,1561.965,0.5634794,23800,1
QUEE->NJSC,QUEE,NJSC,2026-05-04,1,0,0,0,0,1,1821,1528.555,0.55142677,23800,1
QUEE->NJSC,QUEE,NJSC,2026-05-05,1,0,0,0,0,1,1824,1508.675,0.5442551,23800,1
QUEE->NJSC,QUEE,NJSC,2026-05-06,1,0,0,0,0,1,1956,1638.951,0.59125215,23800,1
QUEE->NJSC,QUEE,NJSC,2026-05-07,1,0,0,0,0,1,1641,1376.771,0.49667063,23800,1
QUEE->NJSC,QUEE,NJSC,2026-05-08,1,0,0,0,0,1,1477,1232.808,0.44473594,23800,1
QUEE->NJSC,QUEE,NJSC,2026-05-09,1,0,0,0,0,1,1958,1640.542,0.59182614,23800,1
QUEE->NJSC,QUEE,NJSC,2026-05-10,1,0,0,0,0,1,1868,1568.466,0.5658247,23800,1
QUEE->NJSC,QUEE,NJSC,2026-05-11,1,0,0,0,0,1,1840,1531.175,0.5523719,23800,1
QUEE->NJSC,QUEE,NJSC,2026-05-12,1,0,0,0,0,1,1826,1524.135,0.5498322,23800,1
QUEE->NJSC,QUEE,NJSC,2026-05-13,1,0,0,0,0,1,1951,1640.429,0.5917854,23800,1
QUEE->NJSC,QUEE,NJSC,2026-05-14,1,0,0,0,0,1,1631,1354.033,0.4884679,23800,1
QUEE->NJSC,QUEE,NJSC,2026-05-15,1,0,0,0,0,1,1495,1254.257,0.45247367,23800,1
QUEE->NJSC,QUEE,NJSC,2026-05-16,1,0,0,0,0,1,1976,1649.961,0.595224,23800,1
QUEE->NJSC,QUEE,NJSC,2026-05-17,1,0,0,0,0,1,1849,1543.585,0.5568488,23800,1
QUEE->NJSC,QUEE,NJSC,2026-05-18,1,0,0,0,0,1,37,32.592,0.011757576,23800,1
QUEE->NJSC,QUEE,NJSC,2026-05-19,0,0,0,0,0,2,0,0.0,0.0,0,0
QUEE->NJSC,QUEE,NJSC,2026-05-20,0,0,0,0,0,2,0,0.0,0.0,0,0
QUEE->NJSC,QUEE,NJSC,2026-05-21,0,0,0,0,0,2,0,0.0,0.0,0,0
QUEE->NJSC,QUEE,NJSC,2026-05-22,0,0,0,0,0,2,0,0.0,0.0,0,0
QUEE->NJSC,QUEE,NJSC,2026-05-23,0,0,0,0,0,2,0,0.0,0.0,0,0
QUEE->NJSC,QUEE,NJSC,2026-05-24,0,0,0,0,0,2,0,0.0,0.0,0,0
QUEE->NJSC,QUEE,NJSC,2026-05-25,0,0,0,0,0,2,0,0.0,0.0,0,0
QUEE->NJSC,QUEE,NJSC,2026-05-26,0,0,0,0,0,2,0,0.0,0.0,0,0
QUEE->NJSC,QUEE,NJSC,2026-05-27,0,0,0,0,0,1,0,0.0,0.0,0,0
