lane,origin,dest,day,trailers_scheduled_dispatched,trailers_overflow,trailers_adhoc,trailers_sweeper,slots_cancelled,slots_lapsed,pkgs,content_cube,mean_fill_target,cost_cents,holds
ATLS->ATNO,ATLS,ATNO,2026-04-27,0,0,0,0,0,1,0,0.0,0.0,0,0
ATLS->ATNO,ATLS,ATNO,2026-04-28,1,0,0,1,0,1,7478,6263.323,1.129748,42980,1
ATLS->ATNO,ATLS,ATNO,2026-04-29,1,0,0,2,0,0,8996,7512.814,0.9034168,64470,1
ATLS->ATNO,ATLS,ATNO,2026-04-30,1,0,0,1,0,1,7574,6324.075,1.1407062,42980,1
ATLS->ATNO,ATLS,ATNO,2026-05-01,1,0,0,1,0,1,6947,5834.624,1.0524213,42980,1
ATLS->ATNO,ATLS,ATNO,2026-05-02,1,0,0,2,0,0,9795,8116.178,0.9759714,64470,0
ATLS->ATNO,ATLS,ATNO,2026-05-03,1,0,0,1,0,1,8674,6763.895,1.2200388,42980,0
ATLS->ATNO,ATLS,ATNO,2026-05-04,1,0,0,2,0,0,9642,8689.238,1.0448819,64470,0
ATLS->ATNO,ATLS,ATNO,2026-05-05,1,0,0,1,0,1,8527,6681.304,1.2051414,42980,0
ATLS->ATNO,ATLS,ATNO,2026-05-06,1,0,0,2,0,0,10397,9104.27,1.0947895,64470,0
ATLS->ATNO,ATLS,ATNO,2026-05-07,1,0,0,1,0,1,8201,6657.819,1.2009053,42980,1
ATLS->ATNO,ATLS,ATNO,2026-05-08,1,0,0,1,0,1,7811,6540.121,1.1796755,42980,1
ATLS->ATNO,ATLS,ATNO,2026-05-09,1,0,0,2,0,0,9930,8384.955,1.0082918,64470,0
ATLS->ATNO,ATLS,ATNO,2026-05-10,1,0,0,2,0,0,9389,7850.382,0.94400936,64470,0
ATLS->ATNO,ATLS,ATNO,2026-05-11,1,0,0,1,0,1,8651,6877.16,1.240469,42980,0
ATLS->ATNO,ATLS,ATNO,2026-05-12,1,0,0,2,0,0,9617,8548.096,1.0279095,64470,0
ATLS->ATNO,ATLS,ATNO,2026-05-13,1,0,0,2,0,0,9820,8136.499,0.978415,64470,0
ATLS->ATNO,ATLS,ATNO,2026-05-14,1,0,0,1,0,1,8159,6629.7,1.1958333,42980,1
ATLS->ATNO,ATLS,ATNO,2026-05-15,1,0,0,1,0,1,7789,6538.366,1.179359,42980,1
ATLS->ATNO,ATLS,ATNO,2026-05-16,1,0,0,2,0,0,9825,8281.608,0.99586433,64470,0
ATLS->ATNO,ATLS,ATNO,2026-05-17,1,0,0,2,0,0,9347,7827.11,0.9412109,64470,0
ATLS->ATNO,ATLS,ATNO,2026-05-18,1,0,0,0,0,2,1781,1609.414,0.5805967,21490,1
ATLS->ATNO,ATLS,ATNO,2026-05-19,1,0,0,0,0,2,738,661.685,0.2387031,21490,1
ATLS->ATNO,ATLS,ATNO,2026-05-20,1,0,0,0,0,2,951,737.908,0.26620057,21490,1
ATLS->ATNO,ATLS,ATNO,2026-05-21,1,0,0,0,0,2,600,390.636,0.14092208,21490,1
ATLS->ATNO,ATLS,ATNO,2026-05-22,1,0,0,0,0,2,349,341.962,0.123362914,21490,1
ATLS->ATNO,ATLS,ATNO,2026-05-23,1,0,0,0,0,2,8,5.524,0.001992785,21490,1
ATLS->ATNO,ATLS,ATNO,2026-05-24,0,0,0,0,0,3,0,0.0,0.0,0,0
ATLS->ATNO,ATLS,ATNO,2026-05-25,0,0,0,0,0,3,0,0.0,0.0,0,0
ATLS->ATNO,ATLS,ATNO,2026-05-26,0,0,0,0,0,3,0,0.0,0.0,0,0
ATLS->ATNO,ATLS,ATNO,2026-05-27,0,0,0,0,0,2,0,0.0,0.0,0,0
ATLS->ATSO,ATLS,ATSO,2026-04-27,0,0,0,0,0,1,0,0.0,0.0,0,0
ATLS->ATSO,ATLS,ATSO,2026-04-28,1,0,0,1,0,1,5507,4599.12,0.8295671,33168,1
ATLS->ATSO,ATLS,ATSO,2026-04-29,1,0,0,1,0,1,6644,5545.576,1.0002843,33168,1
ATLS->ATSO,ATLS,ATSO,2026-04-30,1,0,0,1,0,1,5874,4932.23,0.8896519,33168,0
ATLS->ATSO,ATLS,ATSO,2026-05-01,1,0,0,1,0,1,5457,4575.239,0.82525957,33168,2
ATLS->ATSO,ATLS,ATSO,2026-05-02,1,0,0,1,0,1,7324,6068.884,1.094676,33168,1
ATLS->ATSO,ATLS,ATSO,2026-05-03,1,0,0,1,0,1,6860,5725.344,1.03271,33168,1
ATLS->ATSO,ATLS,ATSO,2026-05-04,1,0,0,1,0,1,6893,5887.034,1.0618749,33168,1
ATLS->ATSO,ATLS,ATSO,2026-05-05,1,0,0,1,0,1,6812,5708.433,1.0296596,33168,1
ATLS->ATSO,ATLS,ATSO,2026-05-06,1,0,0,1,0,1,7378,6095.008,1.0993881,33168,1
ATLS->ATSO,ATLS,ATSO,2026-05-07,1,0,0,1,0,1,6551,5512.62,0.9943398,33168,0
ATLS->ATSO,ATLS,ATSO,2026-05-08,1,0,0,1,0,1,5948,4916.412,0.8867987,33168,2
ATLS->ATSO,ATLS,ATSO,2026-05-09,1,0,0,1,0,1,7356,6099.577,1.1002123,33168,1
ATLS->ATSO,ATLS,ATSO,2026-05-10,1,0,0,1,0,1,7021,5876.959,1.0600575,33168,1
ATLS->ATSO,ATLS,ATSO,2026-05-11,1,0,0,1,0,1,6902,5876.355,1.0599486,33168,1
ATLS->ATSO,ATLS,ATSO,2026-05-12,1,0,0,1,0,1,6814,5730.497,1.0336394,33168,1
ATLS->ATSO,ATLS,ATSO,2026-05-13,1,0,0,1,0,1,7392,6139.405,1.1073962,33168,1
ATLS->ATSO,ATLS,ATSO,2026-05-14,1,0,0,1,0,1,6470,5395.835,0.9732747,33168,0
ATLS->ATSO,ATLS,ATSO,2026-05-15,1,0,0,1,0,1,5904,4860.949,0.8767946,33168,2
ATLS->ATSO,ATLS,ATSO,2026-05-16,1,0,0,1,0,1,7306,6115.152,1.1030216,33168,1
ATLS->ATSO,ATLS,ATSO,2026-05-17,1,0,0,1,0,1,7001,5815.986,1.0490595,33168,1
ATLS->ATSO,ATLS,ATSO,2026-05-18,1,0,0,0,0,2,1468,1366.767,0.4930617,16584,1
ATLS->ATSO,ATLS,ATSO,2026-05-19,1,0,0,0,0,2,694,610.365,0.2201894,16584,1
ATLS->ATSO,ATLS,ATSO,2026-05-20,1,0,0,0,0,2,712,546.274,0.19706854,16584,1
ATLS->ATSO,ATLS,ATSO,2026-05-21,1,0,0,0,0,2,470,298.287,0.10760714,16584,1
ATLS->ATSO,ATLS,ATSO,2026-05-22,1,0,0,0,0,2,236,236.86,0.085447334,16584,1
ATLS->ATSO,ATLS,ATSO,2026-05-23,1,0,0,0,0,2,11,9.075,0.0032738096,16584,1
ATLS->ATSO,ATLS,ATSO,2026-05-24,0,0,0,0,0,3,0,0.0,0.0,0,0
ATLS->ATSO,ATLS,ATSO,2026-05-25,0,0,0,0,0,3,0,0.0,0.0,0,0
ATLS->ATSO,ATLS,ATSO,2026-05-26,0,0,0,0,0,3,0,0.0,0.0,0,0
ATLS->ATSO,ATLS,ATSO,2026-05-27,0,0,0,0,0,2,0,0.0,0.0,0,0
ATLS->CLTC,ATLS,CLTC,2026-04-27,0,0,0,0,0,1,0,0.0,0.0,0,0
ATLS->CLTC,ATLS,CLTC,2026-04-28,1,0,0,2,0,1,10833,9075.167,1.0912899,241086,1
ATLS->CLTC,ATLS,CLTC,2026-04-29,1,0,0,2,0,1,11839,9892.408,1.1895633,241086,1
ATLS->CLTC,ATLS,CLTC,2026-04-30,1,0,0,2,0,1,9752,8135.329,0.9782743,241086,0
ATLS->CLTC,ATLS,CLTC,2026-05-01,1,0,0,1,0,2,8459,6696.009,1.2077938,160724,1
ATLS->CLTC,ATLS,CLTC,2026-05-02,1,0,0,3,0,0,12222,10615.091,0.9573495,321448,1
ATLS->CLTC,ATLS,CLTC,2026-05-03,1,0,0,2,0,1,11192,9334.583,1.1224847,241086,1
ATLS->CLTC,ATLS,CLTC,2026-05-04,1,0,0,2,0,1,10806,9030.046,1.0858641,241086,1
ATLS->CLTC,ATLS,CLTC,2026-05-05,1,0,0,2,0,1,11211,9379.821,1.1279246,241086,1
ATLS->CLTC,ATLS,CLTC,2026-05-06,1,0,0,2,0,1,11920,9896.372,1.1900399,241086,1
ATLS->CLTC,ATLS,CLTC,2026-05-07,1,0,0,2,0,1,9905,8354.689,1.0046524,241086,1
ATLS->CLTC,ATLS,CLTC,2026-05-08,1,0,0,1,0,2,8448,6597.923,1.1901015,160724,1
ATLS->CLTC,ATLS,CLTC,2026-05-09,1,0,0,3,0,0,12243,10695.585,0.964609,321448,1
ATLS->CLTC,ATLS,CLTC,2026-05-10,1,0,0,2,0,1,10979,9160.343,1.1015323,241086,1
ATLS->CLTC,ATLS,CLTC,2026-05-11,1,0,0,2,0,1,10841,9086.779,1.0926863,241086,1
ATLS->CLTC,ATLS,CLTC,2026-05-12,1,0,0,2,0,1,11080,9235.254,1.1105404,241086,1
ATLS->CLTC,ATLS,CLTC,2026-05-13,1,0,0,2,0,1,11934,9898.503,1.1902962,241086,1
ATLS->CLTC,ATLS,CLTC,2026-05-14,1,0,0,2,0,1,10053,8511.877,1.0235542,241086,1
ATLS->CLTC,ATLS,CLTC,2026-05-15,1,0,0,1,0,2,8563,6705.443,1.2094955,160724,1
ATLS->CLTC,ATLS,CLTC,2026-05-16,1,0,0,3,0,0,12345,10775.523,0.97181845,321448,1
ATLS->CLTC,ATLS,CLTC,2026-05-17,1,0,0,2,0,1,11039,9226.246,1.1094571,241086,1
ATLS->CLTC,ATLS,CLTC,2026-05-18,1,0,0,0,0,3,200,160.359,0.057849567,80362,1
ATLS->CLTC,ATLS,CLTC,2026-05-19,0,0,0,0,0,4,0,0.0,0.0,0,0
ATLS->CLTC,ATLS,CLTC,2026-05-20,0,0,0,0,0,4,0,0.0,0.0,0,0
ATLS->CLTC,ATLS,CLTC,2026-05-21,0,0,0,0,0,4,0,0.0,0.0,0,0
ATLS->CLTC,ATLS,CLTC,2026-05-22,0,0,0,0,0,4,0,0.0,0.0,0,0
ATLS->CLTC,ATLS,CLTC,2026-05-23,0,0,0,0,0,4,0,0.0,0.0,0,0
ATLS->CLTC,ATLS,CLTC,2026-05-24,0,0,0,0,0,4,0,0.0,0.0,0,0
ATLS->CLTC,ATLS,CLTC,2026-05-25,0,0,0,0,0,4,0,0.0,0.0,0,0
ATLS->CLTC,ATLS,CLTC,2026-05-26,0,0,0,0,0,4,0,0.0,0.0,0,0
ATLS->CLTC,ATLS,CLTC,2026-05-27,0,0,0,0,0,3,0,0.0,0.0,0,0
ATNO->ATHN,ATNO,ATHN,2026-04-27,0,0,0,0,0,1,0,0.0,0.0,0,0
ATNO->ATHN,ATNO,ATHN,2026-04-28,0,0,0,0,0,2,0,0.0,0.0,0,0
ATNO->ATHN,ATNO,ATHN,2026-04-29,1,0,0,0,0,1,2309,1935.535,0.6982449,27650,1
ATNO->ATHN,ATNO,ATHN,2026-04-30,1,0,0,0,0,1,2835,2361.819,0.85202706,27650,1
ATNO->ATHN,ATNO,ATHN,2026-05-01,1,0,0,0,0,1,2358,1974.347,0.7122464,27650,1
ATNO->ATHN,ATNO,ATHN,2026-05-02,1,0,0,0,0,1,2185,1834.305,0.6617262,27650,1
ATNO->ATHN,ATNO,ATHN,2026-05-03,1,0,0,0,0,1,3080,2544.741,0.91801625,27650,1
ATNO->ATHN,ATNO,ATHN,2026-05-04,1,0,0,0,0,1,2736,2131.341,0.76888204,27650,1
ATNO->ATHN,ATNO,ATHN,2026-05-05,1,0,0,0,0,1,3046,2750.709,0.9923193,27650,1
ATNO->ATHN,ATNO,ATHN,2026-05-06,1,0,0,0,0,1,2683,2114.86,0.76293653,27650,1
ATNO->ATHN,ATNO,ATHN,2026-05-07,1,0,0,0,0,1,3285,2861.321,1.0322226,27650,1
ATNO->ATHN,ATNO,ATHN,2026-05-08,1,0,0,0,0,1,2586,2090.07,0.7539935,27650,1
ATNO->ATHN,ATNO,ATHN,2026-05-09,1,0,0,0,0,1,2492,2111.292,0.76164937,27650,1
ATNO->ATHN,ATNO,ATHN,2026-05-10,1,0,0,0,0,1,3097,2604.001,0.9393943,27650,1
ATNO->ATHN,ATNO,ATHN,2026-05-11,1,0,0,0,0,1,2958,2473.504,0.8923175,27650,1
ATNO->ATHN,ATNO,ATHN,2026-05-12,1,0,0,0,0,1,2753,2183.134,0.78756636,27650,1
ATNO->ATHN,ATNO,ATHN,2026-05-13,1,0,0,0,0,1,3040,2710.437,0.97779113,27650,1
ATNO->ATHN,ATNO,ATHN,2026-05-14,1,0,0,0,0,1,3080,2557.449,0.9226006,27650,1
ATNO->ATHN,ATNO,ATHN,2026-05-15,1,0,0,0,0,1,2582,2092.704,0.7549437,27650,1
ATNO->ATHN,ATNO,ATHN,2026-05-16,1,0,0,0,0,1,2452,2053.75,0.74089104,27650,1
ATNO->ATHN,ATNO,ATHN,2026-05-17,1,0,0,0,0,1,3099,2609.78,0.9414791,27650,1
ATNO->ATHN,ATNO,ATHN,2026-05-18,1,0,0,0,0,1,2956,2473.89,0.8924567,27650,1
ATNO->ATHN,ATNO,ATHN,2026-05-19,1,0,0,0,0,1,609,551.868,0.19908658,27650,1
ATNO->ATHN,ATNO,ATHN,2026-05-20,1,0,0,0,0,1,251,225.581,0.08137843,27650,1
ATNO->ATHN,ATNO,ATHN,2026-05-21,1,0,0,0,0,1,320,245.038,0.08839755,27650,1
ATNO->ATHN,ATNO,ATHN,2026-05-22,1,0,0,0,0,1,213,149.169,0.053812772,27650,1
ATNO->ATHN,ATNO,ATHN,2026-05-23,1,0,0,0,0,1,118,111.92,0.04037518,27650,1
ATNO->ATHN,ATNO,ATHN,2026-05-24,1,0,0,0,0,1,2,1.81,0.0006529582,27650,1
ATNO->ATHN,ATNO,ATHN,2026-05-25,0,0,0,0,0,2,0,0.0,0.0,0,0
ATNO->ATHN,ATNO,ATHN,2026-05-26,0,0,0,0,0,2,0,0.0,0.0,0,0
ATNO->ATHN,ATNO,ATHN,2026-05-27,0,0,0,0,0,1,0,0.0,0.0,0,0
ATNO->CLTC,ATNO,CLTC,2026-04-27,0,0,0,0,0,1,0,0.0,0.0,0,0
ATNO->CLTC,ATNO,CLTC,2026-04-28,0,0,0,0,0,1,0,0.0,0.0,0,0
ATNO->CLTC,ATNO,CLTC,2026-04-29,0,0,0,0,0,1,0,0.0,0.0,0,0
ATNO->CLTC,ATNO,CLTC,2026-04-30,0,0,0,0,0,1,0,0.0,0.0,0,0
ATNO->CLTC,ATNO,CLTC,2026-05-01,0,0,0,0,0,1,0,0.0,0.0,0,0
ATNO->CLTC,ATNO,CLTC,2026-05-02,0,0,0,0,0,1,0,0.0,0.0,0,0
ATNO->CLTC,ATNO,CLTC,2026-05-03,0,0,0,0,0,1,0,0.0,0.0,0,0
ATNO->CLTC,ATNO,CLTC,2026-05-04,0,0,0,0,0,1,0,0.0,0.0,0,0
ATNO->CLTC,ATNO,CLTC,2026-05-05,0,0,0,0,0,1,0,0.0,0.0,0,0
ATNO->CLTC,ATNO,CLTC,2026-05-06,0,0,0,0,0,1,0,0.0,0.0,0,0
ATNO->CLTC,ATNO,CLTC,2026-05-07,0,0,0,0,0,1,0,0.0,0.0,0,0
ATNO->CLTC,ATNO,CLTC,2026-05-08,0,0,0,0,0,1,0,0.0,0.0,0,0
ATNO->CLTC,ATNO,CLTC,2026-05-09,0,0,0,0,0,1,0,0.0,0.0,0,0
ATNO->CLTC,ATNO,CLTC,2026-05-10,0,0,0,0,0,1,0,0.0,0.0,0,0
ATNO->CLTC,ATNO,CLTC,2026-05-11,0,0,0,0,0,1,0,0.0,0.0,0,0
ATNO->CLTC,ATNO,CLTC,2026-05-12,0,0,0,0,0,1,0,0.0,0.0,0,0
ATNO->CLTC,ATNO,CLTC,2026-05-13,0,0,0,0,0,1,0,0.0,0.0,0,0
ATNO->CLTC,ATNO,CLTC,2026-05-14,0,0,0,0,0,1,0,0.0,0.0,0,0
ATNO->CLTC,ATNO,CLTC,2026-05-15,0,0,0,0,0,1,0,0.0,0.0,0,0
ATNO->CLTC,ATNO,CLTC,2026-05-16,0,0,0,0,0,1,0,0.0,0.0,0,0
ATNO->CLTC,ATNO,CLTC,2026-05-17,0,0,0,0,0,1,0,0.0,0.0,0,0
ATNO->CLTC,ATNO,CLTC,2026-05-18,0,0,0,0,0,1,0,0.0,0.0,0,0
ATNO->CLTC,ATNO,CLTC,2026-05-19,0,0,0,0,0,1,0,0.0,0.0,0,0
ATNO->CLTC,ATNO,CLTC,2026-05-20,0,0,0,0,0,1,0,0.0,0.0,0,0
ATNO->CLTC,ATNO,CLTC,2026-05-21,0,0,0,0,0,1,0,0.0,0.0,0,0
ATNO->CLTC,ATNO,CLTC,2026-05-22,0,0,0,0,0,1,0,0.0,0.0,0,0
ATNO->CLTC,ATNO,CLTC,2026-05-23,0,0,0,0,0,1,0,0.0,0.0,0,0
ATNO->CLTC,ATNO,CLTC,2026-05-24,0,0,0,0,0,1,0,0.0,0.0,0,0
ATNO->CLTC,ATNO,CLTC,2026-05-25,0,0,0,0,0,1,0,0.0,0.0,0,0
ATNO->CLTC,ATNO,CLTC,2026-05-26,0,0,0,0,0,1,0,0.0,0.0,0,0
BASC->BALT,BASC,BALT,2026-04-27,0,0,0,0,0,1,0,0.0,0.0,0,0
BASC->BALT,BASC,BALT,2026-04-28,1,0,0,0,0,1,1967,1719.905,0.62045634,18630,1
BASC->BALT,BASC,BALT,2026-04-29,1,0,0,0,0,1,3124,2477.976,0.89393073,18630,1
BASC->BALT,BASC,BALT,2026-04-30,1,0,0,0,0,1,4729,3232.321,1.1660609,18630,0
BASC->BALT,BASC,BALT,2026-05-01,1,0,0,1,0,0,4360,4304.526,0.77642965,37260,0
BASC->BALT,BASC,BALT,2026-05-02,1,0,0,1,0,0,5088,4525.064,0.81620926,37260,0
BASC->BALT,BASC,BALT,2026-05-03,1,0,0,0,0,1,4553,3227.484,1.164316,18630,1
BASC->BALT,BASC,BALT,2026-05-04,1,0,0,0,0,1,4546,3324.099,1.1991699,18630,0
BASC->BALT,BASC,BALT,2026-05-05,1,0,0,1,0,0,5369,5394.326,0.97300255,37260,0
BASC->BALT,BASC,BALT,2026-05-06,1,0,0,0,0,1,4238,3211.19,1.158438,18630,1
BASC->BALT,BASC,BALT,2026-05-07,1,0,0,1,0,0,5768,4890.023,0.8820388,37260,0
BASC->BALT,BASC,BALT,2026-05-08,1,0,0,0,0,1,3950,3196.662,1.1531969,18630,1
BASC->BALT,BASC,BALT,2026-05-09,1,0,0,1,0,0,4884,4497.558,0.8112478,37260,0
BASC->BALT,BASC,BALT,2026-05-10,1,0,0,0,0,1,4313,3215.769,1.1600899,18630,1
BASC->BALT,BASC,BALT,2026-05-11,1,0,0,1,0,0,5605,4755.405,0.85775703,37260,0
BASC->BALT,BASC,BALT,2026-05-12,1,0,0,0,0,1,4240,3331.377,1.2017955,18630,0
BASC->BALT,BASC,BALT,2026-05-13,1,0,0,1,0,0,5035,4690.615,0.8460705,37260,0
BASC->BALT,BASC,BALT,2026-05-14,1,0,0,1,0,0,5614,4462.512,0.8049264,37260,0
BASC->BALT,BASC,BALT,2026-05-15,1,0,0,0,0,1,3663,3144.864,1.1345109,18630,1
BASC->BALT,BASC,BALT,2026-05-16,1,0,0,1,0,0,5009,4465.882,0.80553424,37260,0
BASC->BALT,BASC,BALT,2026-05-17,1,0,0,0,0,1,4475,3222.66,1.1625757,18630,1
BASC->BALT,BASC,BALT,2026-05-18,1,0,0,0,0,1,3297,3159.328,1.1397287,18630,1
BASC->BALT,BASC,BALT,2026-05-19,1,0,0,0,0,1,1414,1162.263,0.4192868,18630,1
BASC->BALT,BASC,BALT,2026-05-20,1,0,0,0,0,1,430,375.578,0.1354899,18630,1
BASC->BALT,BASC,BALT,2026-05-21,1,0,0,0,0,1,7,2.061,0.0007435065,18630,1
BASC->BALT,BASC,BALT,2026-05-22,0,0,0,0,0,2,0,0.0,0.0,0,0
BASC->BALT,BASC,BALT,2026-05-23,0,0,0,0,0,2,0,0.0,0.0,0,0
BASC->BALT,BASC,BALT,2026-05-24,0,0,0,0,0,2,0,0.0,0.0,0,0
BASC->BALT,BASC,BALT,2026-05-25,0,0,0,0,0,2,0,0.0,0.0,0,0
BASC->BALT,BASC,BALT,2026-05-26,0,0,0,0,0,2,0,0.0,0.0,0,0
BASC->BALT,BASC,BALT,2026-05-27,0,0,0,0,0,1,0,0.0,0.0,0,0
BASC->DCMD,BASC,DCMD,2026-04-27,0,0,0,0,0,1,0,0.0,0.0,0,0
BASC->DCMD,BASC,DCMD,2026-04-28,1,0,0,0,0,1,2384,2066.661,0.7455487,19180,1
BASC->DCMD,BASC,DCMD,2026-04-29,1,0,0,0,0,1,3651,2969.729,1.0713308,19180,1
BASC->DCMD,BASC,DCMD,2026-04-30,1,0,0,1,0,0,6574,5317.873,0.9592123,38360,0
BASC->DCMD,BASC,DCMD,2026-05-01,1,0,0,0,0,1,4150,3207.102,1.1569632,19180,1
BASC->DCMD,BASC,DCMD,2026-05-02,1,0,0,1,0,0,6611,6182.924,1.115246,38360,0
BASC->DCMD,BASC,DCMD,2026-05-03,1,0,0,0,0,1,5173,3257.207,1.1750386,19180,1
BASC->DCMD,BASC,DCMD,2026-05-04,1,0,0,1,0,0,6502,5843.318,1.0539895,38360,0
BASC->DCMD,BASC,DCMD,2026-05-05,1,0,0,1,0,0,5858,5367.606,0.9681829,38360,0
BASC->DCMD,BASC,DCMD,2026-05-06,1,0,0,0,0,1,4710,3287.046,1.185803,19180,0
BASC->DCMD,BASC,DCMD,2026-05-07,1,0,0,1,0,0,7300,6372.823,1.149499,38360,0
BASC->DCMD,BASC,DCMD,2026-05-08,1,0,0,0,0,1,4445,3221.379,1.1621137,19180,0
BASC->DCMD,BASC,DCMD,2026-05-09,1,0,0,1,0,0,6250,6182.021,1.1150831,38360,0
BASC->DCMD,BASC,DCMD,2026-05-10,1,0,0,0,0,1,5043,3372.763,1.2167255,19180,0
BASC->DCMD,BASC,DCMD,2026-05-11,1,0,0,1,0,0,7079,6338.723,1.1433483,38360,0
BASC->DCMD,BASC,DCMD,2026-05-12,1,0,0,1,0,0,5879,5312.56,0.958254,38360,0
BASC->DCMD,BASC,DCMD,2026-05-13,1,0,0,0,0,1,4680,3232.976,1.1662973,19180,1
BASC->DCMD,BASC,DCMD,2026-05-14,1,0,0,1,0,0,7280,6358.801,1.1469699,38360,0
BASC->DCMD,BASC,DCMD,2026-05-15,1,0,0,0,0,1,4112,3204.179,1.1559087,19180,0
BASC->DCMD,BASC,DCMD,2026-05-16,1,0,0,1,0,0,6524,6137.71,1.1070906,38360,0
BASC->DCMD,BASC,DCMD,2026-05-17,1,0,0,0,0,1,5046,3366.498,1.2144654,19180,0
BASC->DCMD,BASC,DCMD,2026-05-18,1,0,0,1,0,0,4340,4381.442,0.7903034,38360,0
BASC->DCMD,BASC,DCMD,2026-05-19,1,0,0,0,0,1,1738,1375.15,0.49608585,19180,1
BASC->DCMD,BASC,DCMD,2026-05-20,1,0,0,0,0,1,498,474.817,0.1712904,19180,1
BASC->DCMD,BASC,DCMD,2026-05-21,1,0,0,0,0,1,18,14.588,0.0052626263,19180,1
BASC->DCMD,BASC,DCMD,2026-05-22,0,0,0,0,0,2,0,0.0,0.0,0,0
BASC->DCMD,BASC,DCMD,2026-05-23,0,0,0,0,0,2,0,0.0,0.0,0,0
BASC->DCMD,BASC,DCMD,2026-05-24,0,0,0,0,0,2,0,0.0,0.0,0,0
BASC->DCMD,BASC,DCMD,2026-05-25,0,0,0,0,0,2,0,0.0,0.0,0,0
BASC->DCMD,BASC,DCMD,2026-05-26,0,0,0,0,0,2,0,0.0,0.0,0,0
BASC->DCMD,BASC,DCMD,2026-05-27,0,0,0,0,0,1,0,0.0,0.0,0,0
BASC->NOVA,BASC,NOVA,2026-04-27,0,0,0,0,0,1,0,0.0,0.0,0,0
BASC->NOVA,BASC,NOVA,2026-04-28,1,0,0,0,0,1,2385,2063.743,0.74449605,23624,1
BASC->NOVA,BASC,NOVA,2026-04-29,1,0,0,0,0,1,3611,2888.679,1.042092,23624,1
BASC->NOVA,BASC,NOVA,2026-04-30,1,0,0,1,0,0,6489,5284.074,0.9531158,47248,0
BASC->NOVA,BASC,NOVA,2026-05-01,1,0,0,0,0,1,4103,3203.779,1.1557645,23624,1
BASC->NOVA,BASC,NOVA,2026-05-02,1,0,0,1,0,0,6466,6019.404,1.085751,47248,0
BASC->NOVA,BASC,NOVA,2026-05-03,1,0,0,0,0,1,5143,3256.157,1.1746598,23624,1
BASC->NOVA,BASC,NOVA,2026-05-04,1,0,0,1,0,0,6484,5889.109,1.0622491,47248,0
BASC->NOVA,BASC,NOVA,2026-05-05,1,0,0,1,0,0,5803,5280.496,0.9524704,47248,0
BASC->NOVA,BASC,NOVA,2026-05-06,1,0,0,0,0,1,4739,3351.655,1.2091107,23624,0
BASC->NOVA,BASC,NOVA,2026-05-07,1,0,0,1,0,0,7212,6254.573,1.1281698,47248,0
BASC->NOVA,BASC,NOVA,2026-05-08,1,0,0,0,0,1,4393,3219.619,1.1614788,23624,1
BASC->NOVA,BASC,NOVA,2026-05-09,1,0,0,1,0,0,6170,6027.134,1.0871453,47248,0
BASC->NOVA,BASC,NOVA,2026-05-10,1,0,0,0,0,1,4867,3283.14,1.1843939,23624,0
BASC->NOVA,BASC,NOVA,2026-05-11,1,0,0,1,0,0,7138,6291.455,1.1348224,47248,0
BASC->NOVA,BASC,NOVA,2026-05-12,1,0,0,1,0,0,5861,5410.73,0.9759614,47248,0
BASC->NOVA,BASC,NOVA,2026-05-13,1,0,0,0,0,1,4721,3235.118,1.16707,23624,1
BASC->NOVA,BASC,NOVA,2026-05-14,1,0,0,1,0,0,7175,6317.216,1.139469,47248,0
BASC->NOVA,BASC,NOVA,2026-05-15,1,0,0,0,0,1,4114,3204.632,1.1560721,23624,1
BASC->NOVA,BASC,NOVA,2026-05-16,1,0,0,1,0,0,6313,5984.12,1.0793867,47248,0
BASC->NOVA,BASC,NOVA,2026-05-17,1,0,0,0,0,1,5030,3260.068,1.1760707,23624,0
BASC->NOVA,BASC,NOVA,2026-05-18,1,0,0,1,0,0,4299,4374.077,0.78897494,47248,0
BASC->NOVA,BASC,NOVA,2026-05-19,1,0,0,0,0,1,1743,1388.357,0.50085026,23624,1
BASC->NOVA,BASC,NOVA,2026-05-20,1,0,0,0,0,1,519,462.213,0.1667435,23624,1
BASC->NOVA,BASC,NOVA,2026-05-21,1,0,0,0,0,1,16,19.621,0.007078283,23624,1
BASC->NOVA,BASC,NOVA,2026-05-22,0,0,0,0,0,2,0,0.0,0.0,0,0
BASC->NOVA,BASC,NOVA,2026-05-23,0,0,0,0,0,2,0,0.0,0.0,0,0
BASC->NOVA,BASC,NOVA,2026-05-24,0,0,0,0,0,2,0,0.0,0.0,0,0
BASC->NOVA,BASC,NOVA,2026-05-25,0,0,0,0,0,2,0,0.0,0.0,0,0
BASC->NOVA,BASC,NOVA,2026-05-26,0,0,0,0,0,2,0,0.0,0.0,0,0
BASC->NOVA,BASC,NOVA,2026-05-27,0,0,0,0,0,1,0,0.0,0.0,0,0
BASC->PHSC,BASC,PHSC,2026-04-27,0,0,0,0,0,1,0,0.0,0.0,0,0
BASC->PHSC,BASC,PHSC,2026-04-28,1,0,0,0,0,2,1669,1399.163,0.5047486,38276,1
BASC->PHSC,BASC,PHSC,2026-04-29,1,0,0,0,0,2,1943,1611.318,0.58128357,38276,1
BASC->PHSC,BASC,PHSC,2026-04-30,1,0,0,1,0,1,8359,6568.4,1.1847763,76552,2
BASC->PHSC,BASC,PHSC,2026-05-01,1,0,0,1,0,1,5684,5524.302,0.99644697,76552,1
BASC->PHSC,BASC,PHSC,2026-05-02,1,0,0,1,0,1,8181,6560.26,1.1833081,76552,2
BASC->PHSC,BASC,PHSC,2026-05-03,1,0,0,1,0,1,7419,6176.184,1.1140304,76552,1
BASC->PHSC,BASC,PHSC,2026-05-04,1,0,0,0,0,2,6145,3154.757,1.1380798,38276,1
BASC->PHSC,BASC,PHSC,2026-05-05,1,0,0,2,0,0,10058,9684.1,1.1645142,114828,0
BASC->PHSC,BASC,PHSC,2026-05-06,1,0,0,1,0,1,6140,5535.372,0.9984437,76552,2
BASC->PHSC,BASC,PHSC,2026-05-07,1,0,0,1,0,1,8820,6439.287,1.1614876,76552,2
BASC->PHSC,BASC,PHSC,2026-05-08,1,0,0,1,0,1,7383,6519.923,1.1760323,76552,1
BASC->PHSC,BASC,PHSC,2026-05-09,1,0,0,1,0,1,7134,6659.56,1.2012193,76552,2
BASC->PHSC,BASC,PHSC,2026-05-10,1,0,0,1,0,1,5881,5479.264,0.9883232,76552,1
BASC->PHSC,BASC,PHSC,2026-05-11,1,0,0,1,0,1,9181,6459.212,1.1650815,76552,2
BASC->PHSC,BASC,PHSC,2026-05-12,1,0,0,1,0,1,8287,6564.956,1.1841551,76552,1
BASC->PHSC,BASC,PHSC,2026-05-13,1,0,0,1,0,1,6815,6747.793,1.2171344,76552,1
BASC->PHSC,BASC,PHSC,2026-05-14,1,0,0,1,0,1,8951,6702.916,1.2090397,76552,0
BASC->PHSC,BASC,PHSC,2026-05-15,1,0,0,1,0,1,6006,6179.179,1.1145705,76552,1
BASC->PHSC,BASC,PHSC,2026-05-16,1,0,0,1,0,1,8244,6562.391,1.1836925,76552,2
BASC->PHSC,BASC,PHSC,2026-05-17,1,0,0,1,0,1,6735,5836.89,1.0528301,76552,1
BASC->PHSC,BASC,PHSC,2026-05-18,1,0,0,1,0,1,5197,4116.508,0.74251586,76552,2
BASC->PHSC,BASC,PHSC,2026-05-19,1,0,0,1,0,1,5042,4116.381,0.742493,76552,1
BASC->PHSC,BASC,PHSC,2026-05-20,1,0,0,0,0,2,2969,2675.091,0.96504,38276,1
BASC->PHSC,BASC,PHSC,2026-05-21,1,0,0,0,0,2,64,56.154,0.020257575,38276,1
BASC->PHSC,BASC,PHSC,2026-05-22,0,0,0,0,0,3,0,0.0,0.0,0,0
BASC->PHSC,BASC,PHSC,2026-05-23,0,0,0,0,0,3,0,0.0,0.0,0,0
BASC->PHSC,BASC,PHSC,2026-05-24,0,0,0,0,0,3,0,0.0,0.0,0,0
BASC->PHSC,BASC,PHSC,2026-05-25,0,0,0,0,0,3,0,0.0,0.0,0,0
BASC->PHSC,BASC,PHSC,2026-05-26,0,0,0,0,0,3,0,0.0,0.0,0,0
BASC->PHSC,BASC,PHSC,2026-05-27,0,0,0,0,0,2,0,0.0,0.0,0,0
BASC->RMSC,BASC,RMSC,2026-04-27,0,0,0,0,0,1,0,0.0,0.0,0,0
BASC->RMSC,BASC,RMSC,2026-04-28,1,0,0,0,0,2,2854,2569.353,0.926895,42500,1
BASC->RMSC,BASC,RMSC,2026-04-29,1,0,0,0,0,2,4907,3245.281,1.1707363,42500,1
BASC->RMSC,BASC,RMSC,2026-04-30,1,0,0,2,0,0,10029,8577.825,1.0314845,127500,0
BASC->RMSC,BASC,RMSC,2026-05-01,1,0,0,1,0,1,6911,5665.679,1.0219479,85000,2
BASC->RMSC,BASC,RMSC,2026-05-02,1,0,0,1,0,1,7660,6533.235,1.1784334,85000,1
BASC->RMSC,BASC,RMSC,2026-05-03,1,0,0,1,0,1,8751,6587.873,1.1882888,85000,1
BASC->RMSC,BASC,RMSC,2026-05-04,1,0,0,2,0,0,9717,8565.84,1.0300432,127500,0
BASC->RMSC,BASC,RMSC,2026-05-05,1,0,0,1,0,1,7249,6513.497,1.1748732,85000,1
BASC->RMSC,BASC,RMSC,2026-05-06,1,0,0,1,0,1,8209,6562.154,1.1836497,85000,1
BASC->RMSC,BASC,RMSC,2026-05-07,1,0,0,2,0,0,10813,9143.02,1.0994493,127500,0
BASC->RMSC,BASC,RMSC,2026-05-08,1,0,0,1,0,1,6910,5622.162,1.0140985,85000,2
BASC->RMSC,BASC,RMSC,2026-05-09,1,0,0,1,0,1,7651,6533.506,1.1784823,85000,1
BASC->RMSC,BASC,RMSC,2026-05-10,1,0,0,1,0,1,8697,6585.824,1.1879191,85000,1
BASC->RMSC,BASC,RMSC,2026-05-11,1,0,0,2,0,0,9651,8567.746,1.0302725,127500,0
BASC->RMSC,BASC,RMSC,2026-05-12,1,0,0,1,0,1,7253,6512.982,1.1747802,85000,1
BASC->RMSC,BASC,RMSC,2026-05-13,1,0,0,1,0,1,8234,6561.931,1.1836095,85000,1
BASC->RMSC,BASC,RMSC,2026-05-14,1,0,0,2,0,0,10760,9100.588,1.0943468,127500,0
BASC->RMSC,BASC,RMSC,2026-05-15,1,0,0,1,0,1,7009,5706.509,1.0293126,85000,2
BASC->RMSC,BASC,RMSC,2026-05-16,1,0,0,1,0,1,7698,6535.263,1.1787993,85000,1
BASC->RMSC,BASC,RMSC,2026-05-17,1,0,0,1,0,1,8701,6585.259,1.1878173,85000,1
BASC->RMSC,BASC,RMSC,2026-05-18,1,0,0,1,0,1,6984,6650.191,1.1995294,85000,1
BASC->RMSC,BASC,RMSC,2026-05-19,1,0,0,0,0,2,2509,2498.429,0.9013092,42500,1
BASC->RMSC,BASC,RMSC,2026-05-20,1,0,0,0,0,2,106,78.759,0.028412338,42500,1
BASC->RMSC,BASC,RMSC,2026-05-21,0,0,0,0,0,3,0,0.0,0.0,0,0
BASC->RMSC,BASC,RMSC,2026-05-22,0,0,0,0,0,3,0,0.0,0.0,0,0
BASC->RMSC,BASC,RMSC,2026-05-23,0,0,0,0,0,3,0,0.0,0.0,0,0
BASC->RMSC,BASC,RMSC,2026-05-24,0,0,0,0,0,3,0,0.0,0.0,0,0
BASC->RMSC,BASC,RMSC,2026-05-25,0,0,0,0,0,3,0,0.0,0.0,0,0
BASC->RMSC,BASC,RMSC,2026-05-26,0,0,0,0,0,3,0,0.0,0.0,0,0
BASC->RMSC,BASC,RMSC,2026-05-27,0,0,0,0,0,2,0,0.0,0.0,0,0
BOSC->BOSN,BOSC,BOSN,2026-04-27,0,0,0,0,0,1,0,0.0,0.0,0,0
BOSC->BOSN,BOSC,BOSN,2026-04-28,1,0,0,0,0,1,822,691.467,0.24944697,23206,1
BOSC->BOSN,BOSC,BOSN,2026-04-29,1,0,0,0,0,1,3472,2957.29,1.0668434,23206,1
BOSC->BOSN,BOSC,BOSN,2026-04-30,1,0,0,0,0,1,3101,2572.594,0.9280642,23206,1
BOSC->BOSN,BOSC,BOSN,2026-05-01,1,0,0,0,0,1,2947,2485.568,0.89666957,23206,1
BOSC->BOSN,BOSC,BOSN,2026-05-02,1,0,0,0,0,1,3193,2361.743,0.85199964,23206,1
BOSC->BOSN,BOSC,BOSN,2026-05-03,1,0,0,0,0,1,3709,3033.947,1.0944974,23206,1
BOSC->BOSN,BOSC,BOSN,2026-05-04,1,0,0,0,0,1,3982,3198.943,1.1540198,23206,1
BOSC->BOSN,BOSC,BOSN,2026-05-05,1,0,0,0,0,1,3678,3182.519,1.1480949,23206,1
BOSC->BOSN,BOSC,BOSN,2026-05-06,1,0,0,0,0,1,3550,3176.003,1.1457442,23206,1
BOSC->BOSN,BOSC,BOSN,2026-05-07,1,0,0,0,0,1,3746,3185.817,1.1492846,23206,1
BOSC->BOSN,BOSC,BOSN,2026-05-08,1,0,0,0,0,1,3833,3038.736,1.0962251,23206,1
BOSC->BOSN,BOSC,BOSN,2026-05-09,1,0,0,0,0,1,3632,3180.806,1.1474769,23206,1
BOSC->BOSN,BOSC,BOSN,2026-05-10,1,0,0,0,0,1,4323,3215.879,1.1601295,23206,1
BOSC->BOSN,BOSC,BOSN,2026-05-11,1,0,0,0,0,1,3527,3169.544,1.1434141,23206,1
BOSC->BOSN,BOSC,BOSN,2026-05-12,1,0,0,0,0,1,3559,3177.086,1.146135,23206,1
BOSC->BOSN,BOSC,BOSN,2026-05-13,1,0,0,0,0,1,3991,3048.015,1.0995725,23206,1
BOSC->BOSN,BOSC,BOSN,2026-05-14,1,0,0,0,0,1,4011,3200.539,1.1545956,23206,1
BOSC->BOSN,BOSC,BOSN,2026-05-15,1,0,0,0,0,1,3360,3166.872,1.1424502,23206,1
BOSC->BOSN,BOSC,BOSN,2026-05-16,1,0,0,0,0,1,3704,3123.566,1.1268276,23206,1
BOSC->BOSN,BOSC,BOSN,2026-05-17,1,0,0,0,0,1,3673,3031.169,1.0934954,23206,1
BOSC->BOSN,BOSC,BOSN,2026-05-18,1,0,0,0,0,1,2239,1729.392,0.6238788,23206,1
BOSC->BOSN,BOSC,BOSN,2026-05-19,1,0,0,0,0,1,1060,1203.296,0.43408945,23206,1
BOSC->BOSN,BOSC,BOSN,2026-05-20,1,0,0,0,0,1,335,290.037,0.104630955,23206,1
BOSC->BOSN,BOSC,BOSN,2026-05-21,1,0,0,0,0,1,492,377.07,0.13602814,23206,1
BOSC->BOSN,BOSC,BOSN,2026-05-22,1,0,0,0,0,1,516,423.561,0.15279979,23206,1
BOSC->BOSN,BOSC,BOSN,2026-05-23,1,0,0,0,0,1,295,269.788,0.097326115,23206,1
BOSC->BOSN,BOSC,BOSN,2026-05-24,1,0,0,0,0,1,7,3.774,0.0013614718,23206,1
BOSC->BOSN,BOSC,BOSN,2026-05-25,0,0,0,0,0,2,0,0.0,0.0,0,0
BOSC->BOSN,BOSC,BOSN,2026-05-26,0,0,0,0,0,2,0,0.0,0.0,0,0
BOSC->BOSN,BOSC,BOSN,2026-05-27,0,0,0,0,0,1,0,0.0,0.0,0,0
BOSC->BOSS,BOSC,BOSS,2026-04-27,0,0,0,0,0,1,0,0.0,0.0,0,0
BOSC->BOSS,BOSC,BOSS,2026-04-28,1,0,0,0,0,1,731,615.223,0.22194192,23404,1
BOSC->BOSS,BOSC,BOSS,2026-04-29,1,0,0,0,0,1,3075,2614.946,0.9433427,23404,1
BOSC->BOSS,BOSC,BOSS,2026-04-30,1,0,0,0,0,1,2847,2360.741,0.85163814,23404,1
BOSC->BOSS,BOSC,BOSS,2026-05-01,1,0,0,0,0,1,2695,2263.925,0.8167118,23404,1
BOSC->BOSS,BOSC,BOSS,2026-05-02,1,0,0,0,0,1,2830,2108.708,0.76071715,23404,1
BOSC->BOSS,BOSC,BOSS,2026-05-03,1,0,0,0,0,1,3558,3176.897,1.1460668,23404,1
BOSC->BOSS,BOSC,BOSS,2026-05-04,1,0,0,0,0,1,3584,2865.701,1.0338026,23404,1
BOSC->BOSS,BOSC,BOSS,2026-05-05,1,0,0,0,0,1,3267,2783.82,1.0042641,23404,1
BOSC->BOSS,BOSC,BOSS,2026-05-06,1,0,0,0,0,1,3076,2679.88,0.96676767,23404,1
BOSC->BOSS,BOSC,BOSS,2026-05-07,1,0,0,0,0,1,3818,2762.755,0.9966649,23404,1
BOSC->BOSS,BOSC,BOSS,2026-05-08,1,0,0,0,0,1,2913,2716.247,0.97988707,23404,1
BOSC->BOSS,BOSC,BOSS,2026-05-09,1,0,0,0,0,1,3232,2834.545,1.0225631,23404,1
BOSC->BOSS,BOSC,BOSS,2026-05-10,1,0,0,0,0,1,3915,2823.864,1.0187099,23404,1
BOSC->BOSS,BOSC,BOSS,2026-05-11,1,0,0,0,0,1,3120,2821.992,1.0180346,23404,1
BOSC->BOSS,BOSC,BOSS,2026-05-12,1,0,0,0,0,1,3337,3049.692,1.1001775,23404,1
BOSC->BOSS,BOSC,BOSS,2026-05-13,1,0,0,0,0,1,3606,2815.68,1.0157576,23404,1
BOSC->BOSS,BOSC,BOSS,2026-05-14,1,0,0,0,0,1,3504,2725.256,0.9831371,23404,1
BOSC->BOSS,BOSC,BOSS,2026-05-15,1,0,0,0,0,1,2946,2696.772,0.97286147,23404,1
BOSC->BOSS,BOSC,BOSS,2026-05-16,1,0,0,0,0,1,3305,2789.658,1.0063702,23404,1
BOSC->BOSS,BOSC,BOSS,2026-05-17,1,0,0,0,0,1,3340,2847.354,1.027184,23404,1
BOSC->BOSS,BOSC,BOSS,2026-05-18,1,0,0,0,0,1,1953,1426.128,0.5144762,23404,1
BOSC->BOSS,BOSC,BOSS,2026-05-19,1,0,0,0,0,1,953,1088.831,0.3927962,23404,1
BOSC->BOSS,BOSC,BOSS,2026-05-20,1,0,0,0,0,1,308,247.714,0.08936291,23404,1
BOSC->BOSS,BOSC,BOSS,2026-05-21,1,0,0,0,0,1,441,363.702,0.13120563,23404,1
BOSC->BOSS,BOSC,BOSS,2026-05-22,1,0,0,0,0,1,473,382.666,0.13804689,23404,1
BOSC->BOSS,BOSC,BOSS,2026-05-23,1,0,0,0,0,1,254,217.66,0.078520924,23404,1
BOSC->BOSS,BOSC,BOSS,2026-05-24,1,0,0,0,0,1,5,5.374,0.0019386724,23404,1
BOSC->BOSS,BOSC,BOSS,2026-05-25,0,0,0,0,0,2,0,0.0,0.0,0,0
BOSC->BOSS,BOSC,BOSS,2026-05-26,0,0,0,0,0,2,0,0.0,0.0,0,0
BOSC->BOSS,BOSC,BOSS,2026-05-27,0,0,0,0,0,1,0,0.0,0.0,0,0
BOSC->HRTF,BOSC,HRTF,2026-04-27,0,0,0,0,0,1,0,0.0,0.0,0,0
BOSC->HRTF,BOSC,HRTF,2026-04-28,1,0,0,0,0,1,682,565.91,0.20415224,32138,1
BOSC->HRTF,BOSC,HRTF,2026-04-29,1,0,0,0,0,1,3134,2601.543,0.93850756,32138,1
BOSC->HRTF,BOSC,HRTF,2026-04-30,1,0,0,0,0,1,2806,2365.329,0.8532933,32138,1
BOSC->HRTF,BOSC,HRTF,2026-05-01,1,0,0,0,0,1,2593,2184.855,0.7881872,32138,1
BOSC->HRTF,BOSC,HRTF,2026-05-02,1,0,0,0,0,1,2805,2111.179,0.7616086,32138,1
BOSC->HRTF,BOSC,HRTF,2026-05-03,1,0,0,0,0,1,3595,3179.505,1.1470076,32138,1
BOSC->HRTF,BOSC,HRTF,2026-05-04,1,0,0,0,0,1,3554,2861.669,1.0323482,32138,1
BOSC->HRTF,BOSC,HRTF,2026-05-05,1,0,0,0,0,1,3337,2853.582,1.0294307,32138,1
BOSC->HRTF,BOSC,HRTF,2026-05-06,1,0,0,0,0,1,3082,2665.251,0.9614903,32138,1
BOSC->HRTF,BOSC,HRTF,2026-05-07,1,0,0,0,0,1,3773,2710.36,0.97776335,32138,1
BOSC->HRTF,BOSC,HRTF,2026-05-08,1,0,0,0,0,1,2969,2736.036,0.987026,32138,1
BOSC->HRTF,BOSC,HRTF,2026-05-09,1,0,0,0,0,1,3172,2842.002,1.0252533,32138,1
BOSC->HRTF,BOSC,HRTF,2026-05-10,1,0,0,0,0,1,3916,2813.352,1.0149177,32138,1
BOSC->HRTF,BOSC,HRTF,2026-05-11,1,0,0,0,0,1,3104,2817.092,1.016267,32138,1
BOSC->HRTF,BOSC,HRTF,2026-05-12,1,0,0,0,0,1,3342,3084.993,1.1129123,32138,1
BOSC->HRTF,BOSC,HRTF,2026-05-13,1,0,0,0,0,1,3645,2802.578,1.011031,32138,1
BOSC->HRTF,BOSC,HRTF,2026-05-14,1,0,0,0,0,1,3531,2769.26,0.9990115,32138,1
BOSC->HRTF,BOSC,HRTF,2026-05-15,1,0,0,0,0,1,2909,2657.438,0.9586717,32138,1
BOSC->HRTF,BOSC,HRTF,2026-05-16,1,0,0,0,0,1,3293,2833.203,1.022079,32138,1
BOSC->HRTF,BOSC,HRTF,2026-05-17,1,0,0,0,0,1,3327,2774.14,1.000772,32138,1
BOSC->HRTF,BOSC,HRTF,2026-05-18,1,0,0,0,0,1,1964,1452.735,0.5240747,32138,1
BOSC->HRTF,BOSC,HRTF,2026-05-19,1,0,0,0,0,1,990,1094.328,0.39477924,32138,1
BOSC->HRTF,BOSC,HRTF,2026-05-20,1,0,0,0,0,1,306,251.619,0.090771645,32138,1
BOSC->HRTF,BOSC,HRTF,2026-05-21,1,0,0,0,0,1,458,379.779,0.13700542,32138,1
BOSC->HRTF,BOSC,HRTF,2026-05-22,1,0,0,0,0,1,468,382.347,0.13793182,32138,1
BOSC->HRTF,BOSC,HRTF,2026-05-23,1,0,0,0,0,1,266,237.323,0.08561436,32138,1
BOSC->HRTF,BOSC,HRTF,2026-05-24,1,0,0,0,0,1,10,9.05,0.0032647909,32138,1
BOSC->HRTF,BOSC,HRTF,2026-05-25,0,0,0,0,0,2,0,0.0,0.0,0,0
BOSC->HRTF,BOSC,HRTF,2026-05-26,0,0,0,0,0,2,0,0.0,0.0,0,0
BOSC->HRTF,BOSC,HRTF,2026-05-27,0,0,0,0,0,1,0,0.0,0.0,0,0
BOSC->NJSC,BOSC,NJSC,2026-04-27,0,0,0,0,0,1,0,0.0,0.0,0,0
BOSC->NJSC,BOSC,NJSC,2026-04-28,1,0,0,0,0,1,508,423.727,0.15285967,64654,1
BOSC->NJSC,BOSC,NJSC,2026-04-29,1,0,0,0,0,1,559,467.638,0.16870058,64654,1
BOSC->NJSC,BOSC,NJSC,2026-04-30,1,0,0,0,0,1,464,387.367,0.13974279,64654,1
BOSC->NJSC,BOSC,NJSC,2026-05-01,1,0,0,0,0,1,413,345.042,0.124474026,64654,1
BOSC->NJSC,BOSC,NJSC,2026-05-02,1,0,0,0,0,1,553,467.306,0.16858082,64654,1
BOSC->NJSC,BOSC,NJSC,2026-05-03,1,0,0,0,0,1,525,438.272,0.15810679,64654,1
BOSC->NJSC,BOSC,NJSC,2026-05-04,1,0,0,0,0,1,505,421.114,0.15191703,64654,1
BOSC->NJSC,BOSC,NJSC,2026-05-05,1,0,0,0,0,1,530,442.227,0.15953355,64654,1
BOSC->NJSC,BOSC,NJSC,2026-05-06,1,0,0,0,0,1,571,474.835,0.1712969,64654,1
BOSC->NJSC,BOSC,NJSC,2026-05-07,1,0,0,0,0,1,466,387.774,0.13988961,64654,1
BOSC->NJSC,BOSC,NJSC,2026-05-08,1,0,0,0,0,1,424,352.99,0.12734127,64654,1
BOSC->NJSC,BOSC,NJSC,2026-05-09,1,0,0,0,0,1,551,467.457,0.16863528,64654,1
BOSC->NJSC,BOSC,NJSC,2026-05-10,1,0,0,0,0,1,505,413.149,0.14904365,64654,1
BOSC->NJSC,BOSC,NJSC,2026-05-11,1,0,0,0,0,1,510,432.006,0.15584633,64654,1
BOSC->NJSC,BOSC,NJSC,2026-05-12,1,0,0,0,0,1,527,440.996,0.15908946,64654,1
BOSC->NJSC,BOSC,NJSC,2026-05-13,1,0,0,0,0,1,562,468.549,0.16902922,64654,1
BOSC->NJSC,BOSC,NJSC,2026-05-14,1,0,0,0,0,1,477,399.712,0.14419624,64654,1
BOSC->NJSC,BOSC,NJSC,2026-05-15,1,0,0,0,0,1,435,365.667,0.1319145,64654,1
BOSC->NJSC,BOSC,NJSC,2026-05-16,1,0,0,0,0,1,550,462.445,0.1668272,64654,1
BOSC->NJSC,BOSC,NJSC,2026-05-17,1,0,0,0,0,1,520,431.601,0.15570022,64654,1
BOSC->NJSC,BOSC,NJSC,2026-05-18,1,0,0,0,0,1,13,10.876,0.003923521,64654,1
BOSC->NJSC,BOSC,NJSC,2026-05-19,0,0,0,0,0,2,0,0.0,0.0,0,0
BOSC->NJSC,BOSC,NJSC,2026-05-20,0,0,0,0,0,2,0,0.0,0.0,0,0
BOSC->NJSC,BOSC,NJSC,2026-05-21,0,0,0,0,0,2,0,0.0,0.0,0,0
BOSC->NJSC,BOSC,NJSC,2026-05-22,0,0,0,0,0,2,0,0.0,0.0,0,0
BOSC->NJSC,BOSC,NJSC,2026-05-23,0,0,0,0,0,2,0,0.0,0.0,0,0
BOSC->NJSC,BOSC,NJSC,2026-05-24,0,0,0,0,0,2,0,0.0,0.0,0,0
BOSC->NJSC,BOSC,NJSC,2026-05-25,0,0,0,0,0,2,0,0.0,0.0,0,0
BOSC->NJSC,BOSC,NJSC,2026-05-26,0,0,0,0,0,2,0,0.0,0.0,0,0
BOSC->NJSC,BOSC,NJSC,2026-05-27,0,0,0,0,0,1,0,0.0,0.0,0,0
BOSC->PROV,BOSC,PROV,2026-04-27,0,0,0,0,0,1,0,0.0,0.0,0,0
BOSC->PROV,BOSC,PROV,2026-04-28,1,0,0,0,0,1,620,521.196,0.18802164,23558,1
BOSC->PROV,BOSC,PROV,2026-04-29,1,0,0,0,0,1,2641,2246.231,0.81032866,23558,1
BOSC->PROV,BOSC,PROV,2026-04-30,1,0,0,0,0,1,2432,2014.218,0.72662985,23558,1
BOSC->PROV,BOSC,PROV,2026-05-01,1,0,0,0,0,1,2179,1802.635,0.6503012,23558,1
BOSC->PROV,BOSC,PROV,2026-05-02,1,0,0,0,0,1,2245,1677.951,0.6053214,23558,1
BOSC->PROV,BOSC,PROV,2026-05-03,1,0,0,0,0,1,3072,2798.002,1.0093802,23558,1
BOSC->PROV,BOSC,PROV,2026-05-04,1,0,0,0,0,1,2940,2287.475,0.8252074,23558,1
BOSC->PROV,BOSC,PROV,2026-05-05,1,0,0,0,0,1,2667,2310.441,0.8334924,23558,1
BOSC->PROV,BOSC,PROV,2026-05-06,1,0,0,0,0,1,2586,2283.749,0.82386327,23558,1
BOSC->PROV,BOSC,PROV,2026-05-07,1,0,0,0,0,1,3164,2224.969,0.8026584,23558,1
BOSC->PROV,BOSC,PROV,2026-05-08,1,0,0,0,0,1,2424,2263.028,0.8163882,23558,1
BOSC->PROV,BOSC,PROV,2026-05-09,1,0,0,0,0,1,2690,2361.976,0.8520837,23558,1
BOSC->PROV,BOSC,PROV,2026-05-10,1,0,0,0,0,1,3237,2357.195,0.85035896,23558,1
BOSC->PROV,BOSC,PROV,2026-05-11,1,0,0,0,0,1,2564,2272.835,0.819926,23558,1
BOSC->PROV,BOSC,PROV,2026-05-12,1,0,0,0,0,1,2799,2583.131,0.93186545,23558,1
BOSC->PROV,BOSC,PROV,2026-05-13,1,0,0,0,0,1,3009,2341.861,0.8448272,23558,1
BOSC->PROV,BOSC,PROV,2026-05-14,1,0,0,0,0,1,2912,2237.857,0.8073077,23558,1
BOSC->PROV,BOSC,PROV,2026-05-15,1,0,0,0,0,1,2393,2259.59,0.81514794,23558,1
BOSC->PROV,BOSC,PROV,2026-05-16,1,0,0,0,0,1,2748,2298.614,0.82922584,23558,1
BOSC->PROV,BOSC,PROV,2026-05-17,1,0,0,0,0,1,2821,2369.514,0.854803,23558,1
BOSC->PROV,BOSC,PROV,2026-05-18,1,0,0,0,0,1,1614,1233.29,0.4449098,23558,1
BOSC->PROV,BOSC,PROV,2026-05-19,1,0,0,0,0,1,732,840.477,0.3032024,23558,1
BOSC->PROV,BOSC,PROV,2026-05-20,1,0,0,0,0,1,216,169.854,0.061274894,23558,1
BOSC->PROV,BOSC,PROV,2026-05-21,1,0,0,0,0,1,373,281.496,0.10154978,23558,1
BOSC->PROV,BOSC,PROV,2026-05-22,1,0,0,0,0,1,405,327.66,0.11820346,23558,1
BOSC->PROV,BOSC,PROV,2026-05-23,1,0,0,0,0,1,217,200.329,0.07226876,23558,1
BOSC->PROV,BOSC,PROV,2026-05-24,1,0,0,0,0,1,2,1.807,0.0006518759,23558,1
BOSC->PROV,BOSC,PROV,2026-05-25,0,0,0,0,0,2,0,0.0,0.0,0,0
BOSC->PROV,BOSC,PROV,2026-05-26,0,0,0,0,0,2,0,0.0,0.0,0,0
BOSC->PROV,BOSC,PROV,2026-05-27,0,0,0,0,0,1,0,0.0,0.0,0,0
BOSC->WORC,BOSC,WORC,2026-04-27,0,0,0,0,0,1,0,0.0,0.0,0,0
BOSC->WORC,BOSC,WORC,2026-04-28,1,0,0,0,0,1,439,365.66,0.13191198,17486,1
BOSC->WORC,BOSC,WORC,2026-04-29,1,0,0,0,0,1,1867,1570.022,0.566386,17486,1
BOSC->WORC,BOSC,WORC,2026-04-30,1,0,0,0,0,1,1664,1412.796,0.5096667,17486,1
BOSC->WORC,BOSC,WORC,2026-05-01,1,0,0,0,0,1,1501,1239.564,0.44717315,17486,1
BOSC->WORC,BOSC,WORC,2026-05-02,1,0,0,0,0,1,1626,1231.606,0.44430232,17486,1
BOSC->WORC,BOSC,WORC,2026-05-03,1,0,0,0,0,1,2101,1876.35,0.67689395,17486,1
BOSC->WORC,BOSC,WORC,2026-05-04,1,0,0,0,0,1,2106,1657.537,0.5979571,17486,1
BOSC->WORC,BOSC,WORC,2026-05-05,1,0,0,0,0,1,1880,1613.521,0.5820783,17486,1
BOSC->WORC,BOSC,WORC,2026-05-06,1,0,0,0,0,1,1830,1626.024,0.58658874,17486,1
BOSC->WORC,BOSC,WORC,2026-05-07,1,0,0,0,0,1,2144,1505.547,0.54312664,17486,1
BOSC->WORC,BOSC,WORC,2026-05-08,1,0,0,0,0,1,1726,1592.216,0.5743925,17486,1
BOSC->WORC,BOSC,WORC,2026-05-09,1,0,0,0,0,1,1891,1685.241,0.6079513,17486,1
BOSC->WORC,BOSC,WORC,2026-05-10,1,0,0,0,0,1,2258,1651.646,0.5958319,17486,1
BOSC->WORC,BOSC,WORC,2026-05-11,1,0,0,0,0,1,1796,1592.381,0.57445204,17486,1
BOSC->WORC,BOSC,WORC,2026-05-12,1,0,0,0,0,1,1979,1784.141,0.6436295,17486,1
BOSC->WORC,BOSC,WORC,2026-05-13,1,0,0,0,0,1,2083,1633.17,0.58916664,17486,1
BOSC->WORC,BOSC,WORC,2026-05-14,1,0,0,0,0,1,2052,1588.849,0.5731779,17486,1
BOSC->WORC,BOSC,WORC,2026-05-15,1,0,0,0,0,1,1663,1548.628,0.55866814,17486,1
BOSC->WORC,BOSC,WORC,2026-05-16,1,0,0,0,0,1,1951,1641.796,0.5922785,17486,1
BOSC->WORC,BOSC,WORC,2026-05-17,1,0,0,0,0,1,1973,1633.243,0.589193,17486,1
BOSC->WORC,BOSC,WORC,2026-05-18,1,0,0,0,0,1,1101,871.426,0.31436723,17486,1
BOSC->WORC,BOSC,WORC,2026-05-19,1,0,0,0,0,1,523,593.752,0.21419625,17486,1
BOSC->WORC,BOSC,WORC,2026-05-20,1,0,0,0,0,1,163,122.178,0.044075757,17486,1
BOSC->WORC,BOSC,WORC,2026-05-21,1,0,0,0,0,1,261,202.131,0.07291883,17486,1
BOSC->WORC,BOSC,WORC,2026-05-22,1,0,0,0,0,1,261,226.31,0.08164141,17486,1
BOSC->WORC,BOSC,WORC,2026-05-23,1,0,0,0,0,1,168,144.432,0.052103896,17486,1
BOSC->WORC,BOSC,WORC,2026-05-24,1,0,0,0,0,1,2,0.1,0.000036075035,17486,0
BOSC->WORC,BOSC,WORC,2026-05-25,0,0,0,0,0,2,0,0.0,0.0,0,0
BOSC->WORC,BOSC,WORC,2026-05-26,0,0,0,0,0,2,0,0.0,0.0,0,0
BOSC->WORC,BOSC,WORC,2026-05-27,0,0,0,0,0,1,0,0.0,0.0,0,0
CHAR->CLTC,CHAR,CLTC,2026-04-27,0,0,0,0,0,1,0,0.0,0.0,0,0
CHAR->CLTC,CHAR,CLTC,2026-04-28,1,0,0,0,0,1,1579,1318.014,0.47547403,19796,1
CHAR->CLTC,CHAR,CLTC,2026-04-29,1,0,0,0,0,1,1758,1473.968,0.53173447,19796,1
CHAR->CLTC,CHAR,CLTC,2026-04-30,1,0,0,0,0,1,1266,1053.556,0.38007072,19796,1
CHAR->CLTC,CHAR,CLTC,2026-05-01,1,0,0,0,0,1,1150,964.764,0.34803897,19796,1
CHAR->CLTC,CHAR,CLTC,2026-05-02,1,0,0,0,0,1,1755,1462.866,0.52772945,19796,1
CHAR->CLTC,CHAR,CLTC,2026-05-03,1,0,0,0,0,1,1671,1405.736,0.5071198,19796,1
CHAR->CLTC,CHAR,CLTC,2026-05-04,1,0,0,0,0,1,1600,1332.866,0.4808319,19796,1
CHAR->CLTC,CHAR,CLTC,2026-05-05,1,0,0,0,0,1,1629,1363.361,0.49183297,19796,1
CHAR->CLTC,CHAR,CLTC,2026-05-06,1,0,0,0,0,1,1744,1458.876,0.52629006,19796,1
CHAR->CLTC,CHAR,CLTC,2026-05-07,1,0,0,0,0,1,1279,1061.218,0.38283476,19796,1
CHAR->CLTC,CHAR,CLTC,2026-05-08,1,0,0,0,0,1,1135,961.849,0.34698737,19796,1
CHAR->CLTC,CHAR,CLTC,2026-05-09,1,0,0,0,0,1,1770,1470.636,0.5305325,19796,1
CHAR->CLTC,CHAR,CLTC,2026-05-10,1,0,0,0,0,1,1634,1372.022,0.49495742,19796,1
CHAR->CLTC,CHAR,CLTC,2026-05-11,1,0,0,0,0,1,1595,1325.617,0.4782168,19796,1
CHAR->CLTC,CHAR,CLTC,2026-05-12,1,0,0,0,0,1,1642,1371.327,0.49470672,19796,1
CHAR->CLTC,CHAR,CLTC,2026-05-13,1,0,0,0,0,1,1757,1468.465,0.5297493,19796,1
CHAR->CLTC,CHAR,CLTC,2026-05-14,1,0,0,0,0,1,1282,1083.899,0.39101696,19796,1
CHAR->CLTC,CHAR,CLTC,2026-05-15,1,0,0,0,0,1,1150,948.486,0.34216666,19796,1
CHAR->CLTC,CHAR,CLTC,2026-05-16,1,0,0,0,0,1,1753,1463.768,0.52805483,19796,1
CHAR->CLTC,CHAR,CLTC,2026-05-17,1,0,0,0,0,1,1640,1372.952,0.49529293,19796,1
CHAR->CLTC,CHAR,CLTC,2026-05-18,1,0,0,0,0,1,31,30.613,0.011043651,19796,1
CHAR->CLTC,CHAR,CLTC,2026-05-19,0,0,0,0,0,2,0,0.0,0.0,0,0
CHAR->CLTC,CHAR,CLTC,2026-05-20,0,0,0,0,0,2,0,0.0,0.0,0,0
CHAR->CLTC,CHAR,CLTC,2026-05-21,0,0,0,0,0,2,0,0.0,0.0,0,0
CHAR->CLTC,CHAR,CLTC,2026-05-22,0,0,0,0,0,2,0,0.0,0.0,0,0
CHAR->CLTC,CHAR,CLTC,2026-05-23,0,0,0,0,0,2,0,0.0,0.0,0,0
CHAR->CLTC,CHAR,CLTC,2026-05-24,0,0,0,0,0,2,0,0.0,0.0,0,0
CHAR->CLTC,CHAR,CLTC,2026-05-25,0,0,0,0,0,2,0,0.0,0.0,0,0
CHAR->CLTC,CHAR,CLTC,2026-05-26,0,0,0,0,0,2,0,0.0,0.0,0,0
CHAR->CLTC,CHAR,CLTC,2026-05-27,0,0,0,0,0,1,0,0.0,0.0,0,0
CLTC->ATLS,CLTC,ATLS,2026-04-27,0,0,0,0,0,1,0,0.0,0.0,0,0
CLTC->ATLS,CLTC,ATLS,2026-04-28,1,0,0,0,0,1,1280,1071.04,0.38637808,80362,1
CLTC->ATLS,CLTC,ATLS,2026-04-29,1,0,0,0,0,1,1510,1259.249,0.45427454,80362,1
CLTC->ATLS,CLTC,ATLS,2026-04-30,1,0,0,0,0,1,1616,1383.748,0.4991876,80362,1
CLTC->ATLS,CLTC,ATLS,2026-05-01,1,0,0,0,0,1,2650,2075.008,0.7485599,80362,1
CLTC->ATLS,CLTC,ATLS,2026-05-02,1,0,0,0,0,1,2615,2205.083,0.7954845,80362,1
CLTC->ATLS,CLTC,ATLS,2026-05-03,1,0,0,0,0,1,2999,2754.526,0.9936963,80362,1
CLTC->ATLS,CLTC,ATLS,2026-05-04,1,0,0,0,0,1,2749,2352.827,0.8487832,80362,1
CLTC->ATLS,CLTC,ATLS,2026-05-05,1,0,0,0,0,1,3032,2429.6,0.8764791,80362,1
CLTC->ATLS,CLTC,ATLS,2026-05-06,1,0,0,0,0,1,3210,2701.413,0.9745357,80362,1
CLTC->ATLS,CLTC,ATLS,2026-05-07,1,0,0,0,0,1,2860,2254.401,0.813276,80362,1
CLTC->ATLS,CLTC,ATLS,2026-05-08,1,0,0,0,0,1,2613,2122.893,0.7658344,80362,1
CLTC->ATLS,CLTC,ATLS,2026-05-09,1,0,0,0,0,1,2816,2343.804,0.8455281,80362,1
CLTC->ATLS,CLTC,ATLS,2026-05-10,1,0,0,0,0,1,3038,2805.984,1.0122597,80362,1
CLTC->ATLS,CLTC,ATLS,2026-05-11,1,0,0,0,0,1,2687,2268.66,0.81841993,80362,1
CLTC->ATLS,CLTC,ATLS,2026-05-12,1,0,0,0,0,1,3045,2417.416,0.8720837,80362,1
CLTC->ATLS,CLTC,ATLS,2026-05-13,1,0,0,0,0,1,3189,2711.985,0.97834957,80362,1
CLTC->ATLS,CLTC,ATLS,2026-05-14,1,0,0,0,0,1,2893,2241.128,0.8084877,80362,1
CLTC->ATLS,CLTC,ATLS,2026-05-15,1,0,0,0,0,1,2616,2142.776,0.7730072,80362,1
CLTC->ATLS,CLTC,ATLS,2026-05-16,1,0,0,0,0,1,2771,2324.911,0.83871245,80362,1
CLTC->ATLS,CLTC,ATLS,2026-05-17,1,0,0,0,0,1,2990,2739.368,0.988228,80362,1
CLTC->ATLS,CLTC,ATLS,2026-05-18,1,0,0,0,0,1,1432,1272.05,0.4588925,80362,1
CLTC->ATLS,CLTC,ATLS,2026-05-19,1,0,0,0,0,1,1663,1284.182,0.4632691,80362,1
CLTC->ATLS,CLTC,ATLS,2026-05-20,1,0,0,0,0,1,1070,688.923,0.24852923,80362,1
CLTC->ATLS,CLTC,ATLS,2026-05-21,1,0,0,0,0,1,585,578.822,0.20881024,80362,1
CLTC->ATLS,CLTC,ATLS,2026-05-22,1,0,0,0,0,1,19,14.599,0.0052665947,80362,1
CLTC->ATLS,CLTC,ATLS,2026-05-23,0,0,0,0,0,2,0,0.0,0.0,0,0
CLTC->ATLS,CLTC,ATLS,2026-05-24,0,0,0,0,0,2,0,0.0,0.0,0,0
CLTC->ATLS,CLTC,ATLS,2026-05-25,0,0,0,0,0,2,0,0.0,0.0,0,0
CLTC->ATLS,CLTC,ATLS,2026-05-26,0,0,0,0,0,2,0,0.0,0.0,0,0
CLTC->ATLS,CLTC,ATLS,2026-05-27,0,0,0,0,0,1,0,0.0,0.0,0,0
CLTC->CHAR,CLTC,CHAR,2026-04-27,0,0,0,0,0,1,0,0.0,0.0,0,0
CLTC->CHAR,CLTC,CHAR,2026-04-28,1,0,0,0,0,1,3444,2872.162,1.0361335,19796,1
CLTC->CHAR,CLTC,CHAR,2026-04-29,1,0,0,0,0,1,4436,3143.241,1.1339253,19796,1
CLTC->CHAR,CLTC,CHAR,2026-04-30,1,0,0,1,0,0,5028,4816.82,0.8688348,39592,0
CLTC->CHAR,CLTC,CHAR,2026-05-01,1,0,0,0,0,1,4461,3221.939,1.1623156,19796,0
CLTC->CHAR,CLTC,CHAR,2026-05-02,1,0,0,1,0,0,6076,5260.142,0.9487991,39592,0
CLTC->CHAR,CLTC,CHAR,2026-05-03,1,0,0,1,0,0,5749,5237.8,0.94476914,39592,0
CLTC->CHAR,CLTC,CHAR,2026-05-04,1,0,0,1,0,0,5708,4804.194,0.86655736,39592,0
CLTC->CHAR,CLTC,CHAR,2026-05-05,1,0,0,1,0,0,5740,4720.622,0.85148305,39592,0
CLTC->CHAR,CLTC,CHAR,2026-05-06,1,0,0,1,0,0,6338,5099.687,0.91985697,39592,0
CLTC->CHAR,CLTC,CHAR,2026-05-07,1,0,0,1,0,0,5395,4595.82,0.82897186,39592,0
CLTC->CHAR,CLTC,CHAR,2026-05-08,1,0,0,0,0,1,4395,3238.687,1.1683575,19796,0
CLTC->CHAR,CLTC,CHAR,2026-05-09,1,0,0,1,0,0,6061,5222.278,0.94196934,39592,0
CLTC->CHAR,CLTC,CHAR,2026-05-10,1,0,0,1,0,0,5745,5193.25,0.9367334,39592,0
CLTC->CHAR,CLTC,CHAR,2026-05-11,1,0,0,1,0,0,5573,4733.21,0.8537536,39592,0
CLTC->CHAR,CLTC,CHAR,2026-05-12,1,0,0,1,0,0,5785,4736.72,0.85438675,39592,0
CLTC->CHAR,CLTC,CHAR,2026-05-13,1,0,0,1,0,0,6347,5125.27,0.9244715,39592,0
CLTC->CHAR,CLTC,CHAR,2026-05-14,1,0,0,1,0,0,5502,4667.024,0.8418153,39592,0
CLTC->CHAR,CLTC,CHAR,2026-05-15,1,0,0,0,0,1,4487,3337.11,1.2038636,19796,0
CLTC->CHAR,CLTC,CHAR,2026-05-16,1,0,0,1,0,0,6077,5255.917,0.94803697,39592,0
CLTC->CHAR,CLTC,CHAR,2026-05-17,1,0,0,1,0,0,5706,5178.557,0.93408316,39592,0
CLTC->CHAR,CLTC,CHAR,2026-05-18,1,0,0,0,0,1,2239,1903.364,0.68663925,19796,1
CLTC->CHAR,CLTC,CHAR,2026-05-19,1,0,0,0,0,1,1119,840.424,0.30318326,19796,1
CLTC->CHAR,CLTC,CHAR,2026-05-20,1,0,0,0,0,1,612,389.389,0.14047222,19796,1
CLTC->CHAR,CLTC,CHAR,2026-05-21,1,0,0,0,0,1,354,355.693,0.12831637,19796,1
CLTC->CHAR,CLTC,CHAR,2026-05-22,1,0,0,0,0,1,13,9.185,0.003313492,19796,1
CLTC->CHAR,CLTC,CHAR,2026-05-23,0,0,0,0,0,2,0,0.0,0.0,0,0
CLTC->CHAR,CLTC,CHAR,2026-05-24,0,0,0,0,0,2,0,0.0,0.0,0,0
CLTC->CHAR,CLTC,CHAR,2026-05-25,0,0,0,0,0,2,0,0.0,0.0,0,0
CLTC->CHAR,CLTC,CHAR,2026-05-26,0,0,0,0,0,2,0,0.0,0.0,0,0
CLTC->CHAR,CLTC,CHAR,2026-05-27,0,0,0,0,0,1,0,0.0,0.0,0,0
CLTC->GSBO,CLTC,GSBO,2026-04-27,0,0,0,0,0,1,0,0.0,0.0,0,0
CLTC->GSBO,CLTC,GSBO,2026-04-28,1,0,0,0,0,1,1334,1126.54,0.4063997,32116,1
CLTC->GSBO,CLTC,GSBO,2026-04-29,1,0,0,0,0,1,2299,1835.232,0.6620606,32116,1
CLTC->GSBO,CLTC,GSBO,2026-04-30,1,0,0,0,0,1,2152,1887.344,0.68086004,32116,1
CLTC->GSBO,CLTC,GSBO,2026-05-01,1,0,0,0,0,1,2169,1778.169,0.6414751,32116,1
CLTC->GSBO,CLTC,GSBO,2026-05-02,1,0,0,0,0,1,2437,1945.342,0.7017828,32116,1
CLTC->GSBO,CLTC,GSBO,2026-05-03,1,0,0,0,0,1,2658,2372.622,0.85592425,32116,1
CLTC->GSBO,CLTC,GSBO,2026-05-04,1,0,0,0,0,1,2541,2144.744,0.77371716,32116,1
CLTC->GSBO,CLTC,GSBO,2026-05-05,1,0,0,0,0,1,2560,2105.155,0.7594354,32116,1
CLTC->GSBO,CLTC,GSBO,2026-05-06,1,0,0,0,0,1,2826,2324.783,0.8386663,32116,1
CLTC->GSBO,CLTC,GSBO,2026-05-07,1,0,0,0,0,1,2482,2101.717,0.75819516,32116,1
CLTC->GSBO,CLTC,GSBO,2026-05-08,1,0,0,0,0,1,2175,1784.482,0.6437525,32116,1
CLTC->GSBO,CLTC,GSBO,2026-05-09,1,0,0,0,0,1,2450,1946.778,0.70230085,32116,1
CLTC->GSBO,CLTC,GSBO,2026-05-10,1,0,0,0,0,1,2641,2395.388,0.8641371,32116,1
CLTC->GSBO,CLTC,GSBO,2026-05-11,1,0,0,0,0,1,2511,2095.886,0.75609165,32116,1
CLTC->GSBO,CLTC,GSBO,2026-05-12,1,0,0,0,0,1,2617,2159.085,0.77889067,32116,1
CLTC->GSBO,CLTC,GSBO,2026-05-13,1,0,0,0,0,1,2801,2274.07,0.82037157,32116,1
CLTC->GSBO,CLTC,GSBO,2026-05-14,1,0,0,0,0,1,2499,2128.216,0.7677547,32116,1
CLTC->GSBO,CLTC,GSBO,2026-05-15,1,0,0,0,0,1,2268,1872.0,0.6753247,32116,1
CLTC->GSBO,CLTC,GSBO,2026-05-16,1,0,0,0,0,1,2432,1917.642,0.69179004,32116,1
CLTC->GSBO,CLTC,GSBO,2026-05-17,1,0,0,0,0,1,2646,2407.471,0.86849606,32116,1
CLTC->GSBO,CLTC,GSBO,2026-05-18,1,0,0,0,0,1,1131,924.176,0.33339682,32116,1
CLTC->GSBO,CLTC,GSBO,2026-05-19,1,0,0,0,0,1,463,389.068,0.14035642,32116,1
CLTC->GSBO,CLTC,GSBO,2026-05-20,1,0,0,0,0,1,280,176.572,0.06369841,32116,1
CLTC->GSBO,CLTC,GSBO,2026-05-21,1,0,0,0,0,1,133,131.772,0.047536798,32116,1
CLTC->GSBO,CLTC,GSBO,2026-05-22,1,0,0,0,0,1,9,5.592,0.002017316,32116,1
CLTC->GSBO,CLTC,GSBO,2026-05-23,0,0,0,0,0,2,0,0.0,0.0,0,0
CLTC->GSBO,CLTC,GSBO,2026-05-24,0,0,0,0,0,2,0,0.0,0.0,0,0
CLTC->GSBO,CLTC,GSBO,2026-05-25,0,0,0,0,0,2,0,0.0,0.0,0,0
CLTC->GSBO,CLTC,GSBO,2026-05-26,0,0,0,0,0,2,0,0.0,0.0,0,0
CLTC->GSBO,CLTC,GSBO,2026-05-27,0,0,0,0,0,1,0,0.0,0.0,0,0
CLTC->GVIL,CLTC,GVIL,2026-04-27,0,0,0,0,0,1,0,0.0,0.0,0,0
CLTC->GVIL,CLTC,GVIL,2026-04-28,1,0,0,0,0,1,784,655.788,0.23657575,43424,1
CLTC->GVIL,CLTC,GVIL,2026-04-29,1,0,0,0,0,1,1141,960.29,0.34642497,43424,1
CLTC->GVIL,CLTC,GVIL,2026-04-30,1,0,0,0,0,1,1030,854.363,0.30821177,43424,1
CLTC->GVIL,CLTC,GVIL,2026-05-01,1,0,0,0,0,1,1033,843.463,0.3042796,43424,1
CLTC->GVIL,CLTC,GVIL,2026-05-02,1,0,0,0,0,1,1246,1042.289,0.37600613,43424,1
CLTC->GVIL,CLTC,GVIL,2026-05-03,1,0,0,0,0,1,1302,1117.604,0.40317604,43424,1
CLTC->GVIL,CLTC,GVIL,2026-05-04,1,0,0,0,0,1,1225,1038.484,0.3746335,43424,1
CLTC->GVIL,CLTC,GVIL,2026-05-05,1,0,0,0,0,1,1279,1030.646,0.3718059,43424,1
CLTC->GVIL,CLTC,GVIL,2026-05-06,1,0,0,0,0,1,1346,1146.265,0.4135155,43424,1
CLTC->GVIL,CLTC,GVIL,2026-05-07,1,0,0,0,0,1,1187,983.655,0.3548539,43424,1
CLTC->GVIL,CLTC,GVIL,2026-05-08,1,0,0,0,0,1,1045,872.464,0.3147417,43424,1
CLTC->GVIL,CLTC,GVIL,2026-05-09,1,0,0,0,0,1,1261,1043.617,0.3764852,43424,1
CLTC->GVIL,CLTC,GVIL,2026-05-10,1,0,0,0,0,1,1306,1121.856,0.40470996,43424,1
CLTC->GVIL,CLTC,GVIL,2026-05-11,1,0,0,0,0,1,1222,1022.825,0.3689845,43424,1
CLTC->GVIL,CLTC,GVIL,2026-05-12,1,0,0,0,0,1,1284,1057.427,0.38146716,43424,1
CLTC->GVIL,CLTC,GVIL,2026-05-13,1,0,0,0,0,1,1374,1145.165,0.4131187,43424,1
CLTC->GVIL,CLTC,GVIL,2026-05-14,1,0,0,0,0,1,1193,990.304,0.35725254,43424,1
CLTC->GVIL,CLTC,GVIL,2026-05-15,1,0,0,0,0,1,1054,876.495,0.31619588,43424,1
CLTC->GVIL,CLTC,GVIL,2026-05-16,1,0,0,0,0,1,1267,1056.311,0.38106456,43424,1
CLTC->GVIL,CLTC,GVIL,2026-05-17,1,0,0,0,0,1,1288,1095.184,0.39508802,43424,1
CLTC->GVIL,CLTC,GVIL,2026-05-18,1,0,0,0,0,1,406,357.329,0.12890656,43424,1
CLTC->GVIL,CLTC,GVIL,2026-05-19,1,0,0,0,0,1,202,145.115,0.05235029,43424,1
CLTC->GVIL,CLTC,GVIL,2026-05-20,1,0,0,0,0,1,118,89.355,0.032234848,43424,1
CLTC->GVIL,CLTC,GVIL,2026-05-21,1,0,0,0,0,1,96,94.794,0.03419697,43424,1
CLTC->GVIL,CLTC,GVIL,2026-05-22,1,0,0,0,0,1,6,3.696,0.0013333333,43424,1
CLTC->GVIL,CLTC,GVIL,2026-05-23,0,0,0,0,0,2,0,0.0,0.0,0,0
CLTC->GVIL,CLTC,GVIL,2026-05-24,0,0,0,0,0,2,0,0.0,0.0,0,0
CLTC->GVIL,CLTC,GVIL,2026-05-25,0,0,0,0,0,2,0,0.0,0.0,0,0
CLTC->GVIL,CLTC,GVIL,2026-05-26,0,0,0,0,0,2,0,0.0,0.0,0,0
CLTC->GVIL,CLTC,GVIL,2026-05-27,0,0,0,0,0,1,0,0.0,0.0,0,0
CLTC->RDUH,CLTC,RDUH,2026-04-27,0,0,0,0,0,1,0,0.0,0.0,0,0
CLTC->RDUH,CLTC,RDUH,2026-04-28,1,0,0,0,0,1,1798,1520.207,0.54841524,42588,1
CLTC->RDUH,CLTC,RDUH,2026-04-29,1,0,0,0,0,1,3137,2541.125,0.91671175,42588,1
CLTC->RDUH,CLTC,RDUH,2026-04-30,1,0,0,0,0,1,2734,2382.999,0.8596678,42588,1
CLTC->RDUH,CLTC,RDUH,2026-05-01,1,0,0,0,0,1,2476,2048.098,0.7388521,42588,1
CLTC->RDUH,CLTC,RDUH,2026-05-02,1,0,0,0,0,1,2892,2276.186,0.8211349,42588,1
CLTC->RDUH,CLTC,RDUH,2026-05-03,1,0,0,0,0,1,3032,2643.317,0.9535776,42588,1
CLTC->RDUH,CLTC,RDUH,2026-05-04,1,0,0,0,0,1,2965,2519.391,0.90887123,42588,1
CLTC->RDUH,CLTC,RDUH,2026-05-05,1,0,0,0,0,1,2925,2452.253,0.8846512,42588,1
CLTC->RDUH,CLTC,RDUH,2026-05-06,1,0,0,0,0,1,3212,2566.98,0.926039,42588,1
CLTC->RDUH,CLTC,RDUH,2026-05-07,1,0,0,0,0,1,2737,2392.77,0.8631926,42588,1
CLTC->RDUH,CLTC,RDUH,2026-05-08,1,0,0,0,0,1,2457,2049.573,0.7393842,42588,1
CLTC->RDUH,CLTC,RDUH,2026-05-09,1,0,0,0,0,1,2856,2245.437,0.8100422,42588,1
CLTC->RDUH,CLTC,RDUH,2026-05-10,1,0,0,0,0,1,2988,2630.742,0.9490411,42588,1
CLTC->RDUH,CLTC,RDUH,2026-05-11,1,0,0,0,0,1,2960,2501.059,0.9022579,42588,1
CLTC->RDUH,CLTC,RDUH,2026-05-12,1,0,0,0,0,1,2922,2419.816,0.8729495,42588,1
CLTC->RDUH,CLTC,RDUH,2026-05-13,1,0,0,0,0,1,3258,2624.906,0.9469358,42588,1
CLTC->RDUH,CLTC,RDUH,2026-05-14,1,0,0,0,0,1,2804,2432.206,0.8774192,42588,1
CLTC->RDUH,CLTC,RDUH,2026-05-15,1,0,0,0,0,1,2475,2109.814,0.76111615,42588,1
CLTC->RDUH,CLTC,RDUH,2026-05-16,1,0,0,0,0,1,2863,2213.101,0.798377,42588,1
CLTC->RDUH,CLTC,RDUH,2026-05-17,1,0,0,0,0,1,2964,2651.534,0.95654184,42588,1
CLTC->RDUH,CLTC,RDUH,2026-05-18,1,0,0,0,0,1,1111,898.833,0.32425433,42588,1
CLTC->RDUH,CLTC,RDUH,2026-05-19,1,0,0,0,0,1,25,26.855,0.009687951,42588,1
CLTC->RDUH,CLTC,RDUH,2026-05-20,0,0,0,0,0,2,0,0.0,0.0,0,0
CLTC->RDUH,CLTC,RDUH,2026-05-21,0,0,0,0,0,2,0,0.0,0.0,0,0
CLTC->RDUH,CLTC,RDUH,2026-05-22,0,0,0,0,0,2,0,0.0,0.0,0,0
CLTC->RDUH,CLTC,RDUH,2026-05-23,0,0,0,0,0,2,0,0.0,0.0,0,0
CLTC->RDUH,CLTC,RDUH,2026-05-24,0,0,0,0,0,2,0,0.0,0.0,0,0
CLTC->RDUH,CLTC,RDUH,2026-05-25,0,0,0,0,0,2,0,0.0,0.0,0,0
CLTC->RDUH,CLTC,RDUH,2026-05-26,0,0,0,0,0,2,0,0.0,0.0,0,0
CLTC->RDUH,CLTC,RDUH,2026-05-27,0,0,0,0,0,1,0,0.0,0.0,0,0
CLTC->RMSC,CLTC,RMSC,2026-04-27,0,0,0,0,0,1,0,0.0,0.0,0,0
CLTC->RMSC,CLTC,RMSC,2026-04-28,1,0,0,1,0,3,7904,6545.477,1.1806417,155092,2
CLTC->RMSC,CLTC,RMSC,2026-04-29,1,0,0,3,0,1,15364,11985.415,1.0809357,310184,1
CLTC->RMSC,CLTC,RMSC,2026-04-30,1,0,0,2,0,2,11675,9886.601,1.188865,232638,2
CLTC->RMSC,CLTC,RMSC,2026-05-01,1,0,0,2,0,2,11692,9885.921,1.1887832,232638,1
CLTC->RMSC,CLTC,RMSC,2026-05-02,1,0,0,2,0,2,13156,9807.637,1.1793696,232638,2
CLTC->RMSC,CLTC,RMSC,2026-05-03,1,0,0,4,0,0,14136,13813.261,0.99662775,387730,1
CLTC->RMSC,CLTC,RMSC,2026-05-04,1,0,0,2,0,2,12727,9787.016,1.1768899,232638,2
CLTC->RMSC,CLTC,RMSC,2026-05-05,1,0,0,2,0,2,12853,10055.551,1.2091812,232638,1
CLTC->RMSC,CLTC,RMSC,2026-05-06,1,0,0,4,0,0,16906,14648.111,1.0568622,387730,1
CLTC->RMSC,CLTC,RMSC,2026-05-07,1,0,0,2,0,2,11771,9890.101,1.1892859,232638,2
CLTC->RMSC,CLTC,RMSC,2026-05-08,1,0,0,2,0,2,11794,9890.276,1.1893069,232638,1
CLTC->RMSC,CLTC,RMSC,2026-05-09,1,0,0,2,0,2,13267,9813.017,1.1800165,232638,2
CLTC->RMSC,CLTC,RMSC,2026-05-10,1,0,0,4,0,0,14420,14249.026,1.0280683,387730,1
CLTC->RMSC,CLTC,RMSC,2026-05-11,1,0,0,2,0,2,12638,9781.739,1.1762553,232638,2
CLTC->RMSC,CLTC,RMSC,2026-05-12,1,0,0,2,0,2,12664,9924.78,1.1934559,232638,1
CLTC->RMSC,CLTC,RMSC,2026-05-13,1,0,0,4,0,0,16728,14450.725,1.0426209,387730,1
CLTC->RMSC,CLTC,RMSC,2026-05-14,1,0,0,2,0,2,11682,9883.882,1.188538,232638,2
CLTC->RMSC,CLTC,RMSC,2026-05-15,1,0,0,3,0,1,12805,11555.315,1.042146,310184,1
CLTC->RMSC,CLTC,RMSC,2026-05-16,1,0,0,2,0,2,13332,9815.481,1.1803128,232638,2
CLTC->RMSC,CLTC,RMSC,2026-05-17,1,0,0,2,0,2,12091,10031.722,1.2063158,232638,1
CLTC->RMSC,CLTC,RMSC,2026-05-18,1,0,0,2,0,2,7260,7395.683,0.88933176,232638,2
CLTC->RMSC,CLTC,RMSC,2026-05-19,1,0,0,0,0,4,141,119.834,0.043230157,77546,1
CLTC->RMSC,CLTC,RMSC,2026-05-20,0,0,0,0,0,5,0,0.0,0.0,0,0
CLTC->RMSC,CLTC,RMSC,2026-05-21,0,0,0,0,0,5,0,0.0,0.0,0,0
CLTC->RMSC,CLTC,RMSC,2026-05-22,0,0,0,0,0,5,0,0.0,0.0,0,0
CLTC->RMSC,CLTC,RMSC,2026-05-23,0,0,0,0,0,5,0,0.0,0.0,0,0
CLTC->RMSC,CLTC,RMSC,2026-05-24,0,0,0,0,0,5,0,0.0,0.0,0,0
CLTC->RMSC,CLTC,RMSC,2026-05-25,0,0,0,0,0,5,0,0.0,0.0,0,0
CLTC->RMSC,CLTC,RMSC,2026-05-26,0,0,0,0,0,5,0,0.0,0.0,0,0
CLTC->RMSC,CLTC,RMSC,2026-05-27,0,0,0,0,0,4,0,0.0,0.0,0,0
NJSC->BKLY,NJSC,BKLY,2026-04-27,0,0,0,0,0,1,0,0.0,0.0,0,0
NJSC->BKLY,NJSC,BKLY,2026-04-28,1,0,0,0,0,1,4323,3210.318,1.1581234,21666,0
NJSC->BKLY,NJSC,BKLY,2026-04-29,1,0,0,1,0,0,6765,6065.282,1.0940263,43332,0
NJSC->BKLY,NJSC,BKLY,2026-04-30,1,0,0,1,0,0,5748,4791.695,0.8643029,43332,0
NJSC->BKLY,NJSC,BKLY,2026-05-01,1,0,0,1,0,0,5614,4702.062,0.8481353,43332,0
NJSC->BKLY,NJSC,BKLY,2026-05-02,1,0,0,1,0,0,6507,5424.498,0.9784448,43332,0
NJSC->BKLY,NJSC,BKLY,2026-05-03,1,0,0,1,0,0,7001,5713.485,1.0305709,43332,0
NJSC->BKLY,NJSC,BKLY,2026-05-04,1,0,0,1,0,0,6320,5482.502,0.9889073,43332,0
NJSC->BKLY,NJSC,BKLY,2026-05-05,1,0,0,1,0,0,6063,5017.273,0.9049915,43332,0
NJSC->BKLY,NJSC,BKLY,2026-05-06,1,0,0,1,0,0,7553,6146.382,1.1086547,43332,0
NJSC->BKLY,NJSC,BKLY,2026-05-07,1,0,0,1,0,0,6294,5445.934,0.9823113,43332,0
NJSC->BKLY,NJSC,BKLY,2026-05-08,1,0,0,1,0,0,5424,4535.994,0.81818074,43332,0
NJSC->BKLY,NJSC,BKLY,2026-05-09,1,0,0,1,0,0,6645,5477.378,0.98798305,43332,0
NJSC->BKLY,NJSC,BKLY,2026-05-10,1,0,0,1,0,0,6946,5815.069,1.0488942,43332,0
NJSC->BKLY,NJSC,BKLY,2026-05-11,1,0,0,1,0,0,6149,5204.117,0.9386935,43332,0
NJSC->BKLY,NJSC,BKLY,2026-05-12,1,0,0,1,0,0,6758,5530.494,0.99756384,43332,0
NJSC->BKLY,NJSC,BKLY,2026-05-13,1,0,0,1,0,0,6635,5619.196,1.0135635,43332,0
NJSC->BKLY,NJSC,BKLY,2026-05-14,1,0,0,1,0,0,6535,5452.24,0.98344874,43332,0
NJSC->BKLY,NJSC,BKLY,2026-05-15,1,0,0,1,0,0,5746,4692.606,0.84642965,43332,0
NJSC->BKLY,NJSC,BKLY,2026-05-16,1,0,0,1,0,0,6957,5990.16,1.0804762,43332,0
NJSC->BKLY,NJSC,BKLY,2026-05-17,1,0,0,1,0,0,6719,5458.678,0.98461,43332,0
NJSC->BKLY,NJSC,BKLY,2026-05-18,1,0,0,0,0,1,1443,1355.967,0.48916557,21666,1
NJSC->BKLY,NJSC,BKLY,2026-05-19,1,0,0,0,0,1,307,262.477,0.09468867,21666,1
NJSC->BKLY,NJSC,BKLY,2026-05-20,1,0,0,0,0,1,400,329.779,0.11896789,21666,1
NJSC->BKLY,NJSC,BKLY,2026-05-21,1,0,0,0,0,1,399,322.304,0.11627129,21666,1
NJSC->BKLY,NJSC,BKLY,2026-05-22,1,0,0,0,0,1,213,188.554,0.068020925,21666,1
NJSC->BKLY,NJSC,BKLY,2026-05-23,1,0,0,0,0,1,5,5.383,0.0019419192,21666,1
NJSC->BKLY,NJSC,BKLY,2026-05-24,0,0,0,0,0,2,0,0.0,0.0,0,0
NJSC->BKLY,NJSC,BKLY,2026-05-25,0,0,0,0,0,2,0,0.0,0.0,0,0
NJSC->BKLY,NJSC,BKLY,2026-05-26,0,0,0,0,0,2,0,0.0,0.0,0,0
NJSC->BKLY,NJSC,BKLY,2026-05-27,0,0,0,0,0,1,0,0.0,0.0,0,0
NJSC->BOSC,NJSC,BOSC,2026-04-27,0,0,0,0,0,1,0,0.0,0.0,0,0
NJSC->BOSC,NJSC,BOSC,2026-04-28,1,0,0,1,0,2,6726,5622.697,1.014195,129308,1
NJSC->BOSC,NJSC,BOSC,2026-04-29,1,0,0,2,0,1,9846,8216.163,0.9879946,193962,1
NJSC->BOSC,NJSC,BOSC,2026-04-30,1,0,0,2,0,1,9193,7699.748,0.92589563,193962,0
NJSC->BOSC,NJSC,BOSC,2026-05-01,1,0,0,1,0,2,9059,6452.593,1.1638876,129308,1
NJSC->BOSC,NJSC,BOSC,2026-05-02,1,0,0,3,0,0,13157,12124.327,1.0934638,258616,0
NJSC->BOSC,NJSC,BOSC,2026-05-03,1,0,0,2,0,1,12997,9799.96,1.1784464,193962,1
NJSC->BOSC,NJSC,BOSC,2026-05-04,1,0,0,2,0,1,11134,9858.448,1.1854795,193962,1
NJSC->BOSC,NJSC,BOSC,2026-05-05,1,0,0,2,0,1,10405,9222.005,1.1089472,193962,1
NJSC->BOSC,NJSC,BOSC,2026-05-06,1,0,0,2,0,1,13727,9683.761,1.1644734,193962,1
NJSC->BOSC,NJSC,BOSC,2026-05-07,1,0,0,2,0,1,11352,10141.101,1.2194686,193962,1
NJSC->BOSC,NJSC,BOSC,2026-05-08,1,0,0,2,0,1,10608,9830.854,1.1821613,193962,1
NJSC->BOSC,NJSC,BOSC,2026-05-09,1,0,0,2,0,1,12311,10041.037,1.207436,193962,1
NJSC->BOSC,NJSC,BOSC,2026-05-10,1,0,0,2,0,1,12676,9782.871,1.1763914,193962,1
NJSC->BOSC,NJSC,BOSC,2026-05-11,1,0,0,3,0,0,11788,11088.287,1.0000259,258616,0
NJSC->BOSC,NJSC,BOSC,2026-05-12,1,0,0,2,0,1,12830,9791.036,1.1773733,193962,1
NJSC->BOSC,NJSC,BOSC,2026-05-13,1,0,0,2,0,1,11283,9866.39,1.1864346,193962,0
NJSC->BOSC,NJSC,BOSC,2026-05-14,1,0,0,2,0,1,12129,9907.513,1.1913797,193962,1
NJSC->BOSC,NJSC,BOSC,2026-05-15,1,0,0,2,0,1,11667,9621.515,1.1569884,193962,1
NJSC->BOSC,NJSC,BOSC,2026-05-16,1,0,0,2,0,1,11730,9887.924,1.1890241,193962,1
NJSC->BOSC,NJSC,BOSC,2026-05-17,1,0,0,2,0,1,12337,9917.337,1.1925609,193962,1
NJSC->BOSC,NJSC,BOSC,2026-05-18,1,0,0,1,0,2,4258,4820.684,0.86953175,129308,2
NJSC->BOSC,NJSC,BOSC,2026-05-19,1,0,0,0,0,3,1328,1081.402,0.39011616,64654,1
NJSC->BOSC,NJSC,BOSC,2026-05-20,1,0,0,0,0,3,2025,1604.178,0.5787078,64654,1
NJSC->BOSC,NJSC,BOSC,2026-05-21,1,0,0,0,0,3,2123,1742.544,0.62862337,64654,1
NJSC->BOSC,NJSC,BOSC,2026-05-22,1,0,0,0,0,3,1200,1069.532,0.38583407,64654,1
NJSC->BOSC,NJSC,BOSC,2026-05-23,1,0,0,0,0,3,26,20.105,0.007252886,64654,1
NJSC->BOSC,NJSC,BOSC,2026-05-24,0,0,0,0,0,4,0,0.0,0.0,0,0
NJSC->BOSC,NJSC,BOSC,2026-05-25,0,0,0,0,0,4,0,0.0,0.0,0,0
NJSC->BOSC,NJSC,BOSC,2026-05-26,0,0,0,0,0,4,0,0.0,0.0,0,0
NJSC->BOSC,NJSC,BOSC,2026-05-27,0,0,0,0,0,3,0,0.0,0.0,0,0
NJSC->BRWX,NJSC,BRWX,2026-04-27,0,0,0,0,0,1,0,0.0,0.0,0,0
NJSC->BRWX,NJSC,BRWX,2026-04-28,1,0,0,0,0,1,2345,1964.679,0.70875865,25230,1
NJSC->BRWX,NJSC,BRWX,2026-04-29,1,0,0,0,0,1,3055,2538.741,0.9158517,25230,1
NJSC->BRWX,NJSC,BRWX,2026-04-30,1,0,0,0,0,1,2605,2188.497,0.7895011,25230,1
NJSC->BRWX,NJSC,BRWX,2026-05-01,1,0,0,0,0,1,2425,2042.028,0.7366623,25230,1
NJSC->BRWX,NJSC,BRWX,2026-05-02,1,0,0,0,0,1,3007,2484.837,0.8964058,25230,1
NJSC->BRWX,NJSC,BRWX,2026-05-03,1,0,0,0,0,1,3218,2661.17,0.96001804,25230,1
NJSC->BRWX,NJSC,BRWX,2026-05-04,1,0,0,0,0,1,2909,2482.222,0.89546245,25230,1
NJSC->BRWX,NJSC,BRWX,2026-05-05,1,0,0,0,0,1,2870,2400.01,0.8658045,25230,1
NJSC->BRWX,NJSC,BRWX,2026-05-06,1,0,0,0,0,1,3403,2790.045,1.0065098,25230,1
NJSC->BRWX,NJSC,BRWX,2026-05-07,1,0,0,0,0,1,2786,2336.126,0.8427583,25230,1
NJSC->BRWX,NJSC,BRWX,2026-05-08,1,0,0,0,0,1,2431,2055.463,0.741509,25230,1
NJSC->BRWX,NJSC,BRWX,2026-05-09,1,0,0,0,0,1,3060,2552.25,0.9207251,25230,1
NJSC->BRWX,NJSC,BRWX,2026-05-10,1,0,0,0,0,1,3172,2658.6,0.9590909,25230,1
NJSC->BRWX,NJSC,BRWX,2026-05-11,1,0,0,0,0,1,2831,2374.777,0.8567017,25230,1
NJSC->BRWX,NJSC,BRWX,2026-05-12,1,0,0,0,0,1,3106,2566.325,0.92580265,25230,1
NJSC->BRWX,NJSC,BRWX,2026-05-13,1,0,0,0,0,1,3083,2595.808,0.9364387,25230,1
NJSC->BRWX,NJSC,BRWX,2026-05-14,1,0,0,0,0,1,2883,2409.824,0.8693449,25230,1
NJSC->BRWX,NJSC,BRWX,2026-05-15,1,0,0,0,0,1,2565,2075.884,0.7488759,25230,1
NJSC->BRWX,NJSC,BRWX,2026-05-16,1,0,0,0,0,1,3213,2797.079,1.0090473,25230,1
NJSC->BRWX,NJSC,BRWX,2026-05-17,1,0,0,0,0,1,3071,2512.327,0.9063229,25230,1
NJSC->BRWX,NJSC,BRWX,2026-05-18,1,0,0,0,0,1,553,500.631,0.18060282,25230,1
NJSC->BRWX,NJSC,BRWX,2026-05-19,1,0,0,0,0,1,55,35.147,0.012679293,25230,1
NJSC->BRWX,NJSC,BRWX,2026-05-20,1,0,0,0,0,1,160,121.796,0.04393795,25230,1
NJSC->BRWX,NJSC,BRWX,2026-05-21,1,0,0,0,0,1,111,104.12,0.037561327,25230,1
NJSC->BRWX,NJSC,BRWX,2026-05-22,1,0,0,0,0,1,106,92.051,0.03320743,25230,1
NJSC->BRWX,NJSC,BRWX,2026-05-23,1,0,0,0,0,1,4,3.602,0.0012994228,25230,1
NJSC->BRWX,NJSC,BRWX,2026-05-24,0,0,0,0,0,2,0,0.0,0.0,0,0
NJSC->BRWX,NJSC,BRWX,2026-05-25,0,0,0,0,0,2,0,0.0,0.0,0,0
NJSC->BRWX,NJSC,BRWX,2026-05-26,0,0,0,0,0,2,0,0.0,0.0,0,0
NJSC->BRWX,NJSC,BRWX,2026-05-27,0,0,0,0,0,1,0,0.0,0.0,0,0
NJSC->CNJY,NJSC,CNJY,2026-04-27,0,0,0,0,0,1,0,0.0,0.0,0,0
NJSC->CNJY,NJSC,CNJY,2026-04-28,1,0,0,0,0,1,1462,1219.839,0.44005737,19004,1
NJSC->CNJY,NJSC,CNJY,2026-04-29,1,0,0,0,0,1,1903,1586.603,0.5723676,19004,1
NJSC->CNJY,NJSC,CNJY,2026-04-30,1,0,0,0,0,1,1639,1391.378,0.50194013,19004,1
NJSC->CNJY,NJSC,CNJY,2026-05-01,1,0,0,0,0,1,1483,1226.616,0.44250217,19004,1
NJSC->CNJY,NJSC,CNJY,2026-05-02,1,0,0,0,0,1,1787,1498.021,0.5404116,19004,1
NJSC->CNJY,NJSC,CNJY,2026-05-03,1,0,0,0,0,1,1918,1585.773,0.57206815,19004,1
NJSC->CNJY,NJSC,CNJY,2026-05-04,1,0,0,0,0,1,1767,1486.533,0.53626734,19004,1
NJSC->CNJY,NJSC,CNJY,2026-05-05,1,0,0,0,0,1,1716,1443.537,0.5207565,19004,1
NJSC->CNJY,NJSC,CNJY,2026-05-06,1,0,0,0,0,1,1980,1622.844,0.5854415,19004,1
NJSC->CNJY,NJSC,CNJY,2026-05-07,1,0,0,0,0,1,1682,1426.007,0.51443255,19004,1
NJSC->CNJY,NJSC,CNJY,2026-05-08,1,0,0,0,0,1,1435,1198.027,0.43218866,19004,1
NJSC->CNJY,NJSC,CNJY,2026-05-09,1,0,0,0,0,1,1794,1500.5,0.5413059,19004,1
NJSC->CNJY,NJSC,CNJY,2026-05-10,1,0,0,0,0,1,1898,1595.804,0.5756869,19004,1
NJSC->CNJY,NJSC,CNJY,2026-05-11,1,0,0,0,0,1,1694,1412.879,0.5096966,19004,1
NJSC->CNJY,NJSC,CNJY,2026-05-12,1,0,0,0,0,1,1854,1535.702,0.554005,19004,1
NJSC->CNJY,NJSC,CNJY,2026-05-13,1,0,0,0,0,1,1818,1539.23,0.55527776,19004,1
NJSC->CNJY,NJSC,CNJY,2026-05-14,1,0,0,0,0,1,1734,1454.074,0.5245577,19004,1
NJSC->CNJY,NJSC,CNJY,2026-05-15,1,0,0,0,0,1,1476,1215.459,0.43847728,19004,1
NJSC->CNJY,NJSC,CNJY,2026-05-16,1,0,0,0,0,1,1927,1629.665,0.58790225,19004,1
NJSC->CNJY,NJSC,CNJY,2026-05-17,1,0,0,0,0,1,1818,1503.955,0.5425523,19004,1
NJSC->CNJY,NJSC,CNJY,2026-05-18,1,0,0,0,0,1,277,232.706,0.083948776,19004,1
NJSC->CNJY,NJSC,CNJY,2026-05-19,1,0,0,0,0,1,7,12.34,0.0044516595,19004,1
NJSC->CNJY,NJSC,CNJY,2026-05-20,0,0,0,0,0,2,0,0.0,0.0,0,0
NJSC->CNJY,NJSC,CNJY,2026-05-21,0,0,0,0,0,2,0,0.0,0.0,0,0
NJSC->CNJY,NJSC,CNJY,2026-05-22,0,0,0,0,0,2,0,0.0,0.0,0,0
NJSC->CNJY,NJSC,CNJY,2026-05-23,0,0,0,0,0,2,0,0.0,0.0,0,0
NJSC->CNJY,NJSC,CNJY,2026-05-24,0,0,0,0,0,2,0,0.0,0.0,0,0
NJSC->CNJY,NJSC,CNJY,2026-05-25,0,0,0,0,0,2,0,0.0,0.0,0,0
NJSC->CNJY,NJSC,CNJY,2026-05-26,0,0,0,0,0,2,0,0.0,0.0,0,0
NJSC->CNJY,NJSC,CNJY,2026-05-27,0,0,0,0,0,1,0,0.0,0.0,0,0
NJSC->NRJY,NJSC,NRJY,2026-04-27,0,0,0,0,0,1,0,0.0,0.0,0,0
NJSC->NRJY,NJSC,NRJY,2026-04-28,1,0,0,0,0,1,3669,3064.824,1.1056364,21842,1
NJSC->NRJY,NJSC,NRJY,2026-04-29,1,0,0,1,0,0,4851,4049.184,0.7303723,43684,0
NJSC->NRJY,NJSC,NRJY,2026-04-30,1,0,0,0,0,1,4091,3203.336,1.1556046,21842,0
NJSC->NRJY,NJSC,NRJY,2026-05-01,1,0,0,0,0,1,3988,3198.027,1.1536894,21842,0
NJSC->NRJY,NJSC,NRJY,2026-05-02,1,0,0,1,0,0,5397,4869.315,0.8783036,43684,0
NJSC->NRJY,NJSC,NRJY,2026-05-03,1,0,0,1,0,0,5397,4431.307,0.7992978,43684,0
NJSC->NRJY,NJSC,NRJY,2026-05-04,1,0,0,0,0,1,4328,3243.794,1.1701999,21842,0
NJSC->NRJY,NJSC,NRJY,2026-05-05,1,0,0,1,0,0,5188,4797.416,0.86533475,43684,0
NJSC->NRJY,NJSC,NRJY,2026-05-06,1,0,0,1,0,0,5783,4696.962,0.84721535,43684,0
NJSC->NRJY,NJSC,NRJY,2026-05-07,1,0,0,0,0,1,4258,3248.816,1.1720115,21842,0
NJSC->NRJY,NJSC,NRJY,2026-05-08,1,0,0,1,0,0,4521,4252.696,0.7670808,43684,0
NJSC->NRJY,NJSC,NRJY,2026-05-09,1,0,0,1,0,0,5113,4198.674,0.75733656,43684,0
NJSC->NRJY,NJSC,NRJY,2026-05-10,1,0,0,1,0,0,5303,4462.791,0.80497676,43684,0
NJSC->NRJY,NJSC,NRJY,2026-05-11,1,0,0,1,0,0,4694,3937.024,0.7101414,43684,0
NJSC->NRJY,NJSC,NRJY,2026-05-12,1,0,0,1,0,0,5189,4256.631,0.76779056,43684,0
NJSC->NRJY,NJSC,NRJY,2026-05-13,1,0,0,1,0,0,5128,4360.328,0.786495,43684,0
NJSC->NRJY,NJSC,NRJY,2026-05-14,1,0,0,0,0,1,4438,3256.711,1.1748596,21842,0
NJSC->NRJY,NJSC,NRJY,2026-05-15,1,0,0,1,0,0,4773,4321.358,0.77946573,43684,0
NJSC->NRJY,NJSC,NRJY,2026-05-16,1,0,0,1,0,0,5323,4576.716,0.825526,43684,0
NJSC->NRJY,NJSC,NRJY,2026-05-17,1,0,0,0,0,1,4598,3261.065,1.1764303,21842,0
NJSC->NRJY,NJSC,NRJY,2026-05-18,1,0,0,0,0,1,1663,1983.178,0.71543217,21842,1
NJSC->NRJY,NJSC,NRJY,2026-05-19,1,0,0,0,0,1,252,222.621,0.080310605,21842,1
NJSC->NRJY,NJSC,NRJY,2026-05-20,1,0,0,0,0,1,288,229.744,0.08288023,21842,1
NJSC->NRJY,NJSC,NRJY,2026-05-21,1,0,0,0,0,1,293,228.399,0.082395025,21842,1
NJSC->NRJY,NJSC,NRJY,2026-05-22,1,0,0,0,0,1,178,162.55,0.05863997,21842,1
NJSC->NRJY,NJSC,NRJY,2026-05-23,1,0,0,0,0,1,4,5.321,0.0019195527,21842,1
NJSC->NRJY,NJSC,NRJY,2026-05-24,0,0,0,0,0,2,0,0.0,0.0,0,0
NJSC->NRJY,NJSC,NRJY,2026-05-25,0,0,0,0,0,2,0,0.0,0.0,0,0
NJSC->NRJY,NJSC,NRJY,2026-05-26,0,0,0,0,0,2,0,0.0,0.0,0,0
NJSC->NRJY,NJSC,NRJY,2026-05-27,0,0,0,0,0,1,0,0.0,0.0,0,0
NJSC->PHSC,NJSC,PHSC,2026-04-27,0,0,0,0,0,1,0,0.0,0.0,0,0
NJSC->PHSC,NJSC,PHSC,2026-04-28,1,0,0,2,0,1,11580,9689.59,1.1651744,102354,1
NJSC->PHSC,NJSC,PHSC,2026-04-29,1,0,0,3,0,0,12778,10678.625,0.96307945,136472,1
NJSC->PHSC,NJSC,PHSC,2026-04-30,1,0,0,2,0,1,10654,8888.55,1.0688492,102354,1
NJSC->PHSC,NJSC,PHSC,2026-05-01,1,0,0,2,0,1,9740,8163.252,0.98163205,102354,0
NJSC->PHSC,NJSC,PHSC,2026-05-02,1,0,0,2,0,1,12686,9969.466,1.1988295,102354,0
NJSC->PHSC,NJSC,PHSC,2026-05-03,1,0,0,3,0,0,13208,11650.041,1.0506891,136472,0
NJSC->PHSC,NJSC,PHSC,2026-05-04,1,0,0,2,0,1,11686,9770.302,1.17488,102354,1
NJSC->PHSC,NJSC,PHSC,2026-05-05,1,0,0,2,0,1,11861,9893.149,1.1896523,102354,1
NJSC->PHSC,NJSC,PHSC,2026-05-06,1,0,0,3,0,0,12725,10655.738,0.96101534,136472,1
NJSC->PHSC,NJSC,PHSC,2026-05-07,1,0,0,2,0,1,10490,8794.98,1.0575974,102354,1
NJSC->PHSC,NJSC,PHSC,2026-05-08,1,0,0,2,0,1,9551,7998.403,0.9618089,102354,0
NJSC->PHSC,NJSC,PHSC,2026-05-09,1,0,0,2,0,1,12669,9935.727,1.1947724,102354,0
NJSC->PHSC,NJSC,PHSC,2026-05-10,1,0,0,3,0,0,13191,11674.169,1.0528651,136472,0
NJSC->PHSC,NJSC,PHSC,2026-05-11,1,0,0,2,0,1,11853,9892.85,1.1896164,102354,1
NJSC->PHSC,NJSC,PHSC,2026-05-12,1,0,0,2,0,1,11915,9895.88,1.1899807,102354,1
NJSC->PHSC,NJSC,PHSC,2026-05-13,1,0,0,2,0,1,12419,9922.317,1.1931598,102354,0
NJSC->PHSC,NJSC,PHSC,2026-05-14,1,0,0,2,0,1,11040,9795.351,1.1778921,102354,1
NJSC->PHSC,NJSC,PHSC,2026-05-15,1,0,0,2,0,1,9511,7926.502,0.9531628,102354,0
NJSC->PHSC,NJSC,PHSC,2026-05-16,1,0,0,2,0,1,12552,9928.178,1.1938646,102354,0
NJSC->PHSC,NJSC,PHSC,2026-05-17,1,0,0,3,0,0,12931,11369.473,1.0253854,136472,0
NJSC->PHSC,NJSC,PHSC,2026-05-18,1,0,0,0,0,3,261,219.811,0.079296894,34118,1
NJSC->PHSC,NJSC,PHSC,2026-05-19,0,0,0,0,0,4,0,0.0,0.0,0,0
NJSC->PHSC,NJSC,PHSC,2026-05-20,0,0,0,0,0,4,0,0.0,0.0,0,0
NJSC->PHSC,NJSC,PHSC,2026-05-21,0,0,0,0,0,4,0,0.0,0.0,0,0
NJSC->PHSC,NJSC,PHSC,2026-05-22,0,0,0,0,0,4,0,0.0,0.0,0,0
NJSC->PHSC,NJSC,PHSC,2026-05-23,0,0,0,0,0,4,0,0.0,0.0,0,0
NJSC->PHSC,NJSC,PHSC,2026-05-24,0,0,0,0,0,4,0,0.0,0.0,0,0
NJSC->PHSC,NJSC,PHSC,2026-05-25,0,0,0,0,0,4,0,0.0,0.0,0,0
NJSC->PHSC,NJSC,PHSC,2026-05-26,0,0,0,0,0,4,0,0.0,0.0,0,0
NJSC->PHSC,NJSC,PHSC,2026-05-27,0,0,0,0,0,3,0,0.0,0.0,0,0
NJSC->QUEE,NJSC,QUEE,2026-04-27,0,0,0,0,0,1,0,0.0,0.0,0,0
NJSC->QUEE,NJSC,QUEE,2026-04-28,1,0,0,2,0,1,9167,7669.204,0.9222227,71400,1
NJSC->QUEE,NJSC,QUEE,2026-04-29,1,0,0,2,0,1,11073,9247.162,1.1119723,71400,1
NJSC->QUEE,NJSC,QUEE,2026-04-30,1,0,0,2,0,1,9669,8091.709,0.97302896,71400,1
NJSC->QUEE,NJSC,QUEE,2026-05-01,1,0,0,1,0,2,8606,6653.659,1.2001549,47600,1
NJSC->QUEE,NJSC,QUEE,2026-05-02,1,0,0,3,0,0,12149,10682.562,0.9634345,95200,1
NJSC->QUEE,NJSC,QUEE,2026-05-03,1,0,0,2,0,1,11787,9717.514,1.1685323,71400,1
NJSC->QUEE,NJSC,QUEE,2026-05-04,1,0,0,2,0,1,10758,9119.557,1.0966278,71400,1
NJSC->QUEE,NJSC,QUEE,2026-05-05,1,0,0,2,0,1,10511,8814.315,1.0599225,71400,1
NJSC->QUEE,NJSC,QUEE,2026-05-06,1,0,0,2,0,1,12188,9608.211,1.1553885,71400,1
NJSC->QUEE,NJSC,QUEE,2026-05-07,1,0,0,2,0,1,10663,9451.931,1.1365958,71400,1
NJSC->QUEE,NJSC,QUEE,2026-05-08,1,0,0,1,0,2,8409,6420.239,1.1580517,47600,1
NJSC->QUEE,NJSC,QUEE,2026-05-09,1,0,0,2,0,1,11751,9914.65,1.1922379,71400,0
NJSC->QUEE,NJSC,QUEE,2026-05-10,1,0,0,2,0,1,11770,9928.651,1.1939214,71400,1
NJSC->QUEE,NJSC,QUEE,2026-05-11,1,0,0,2,0,1,10947,9602.215,1.1546675,71400,1
NJSC->QUEE,NJSC,QUEE,2026-05-12,1,0,0,2,0,1,11483,9476.226,1.1395173,71400,1
NJSC->QUEE,NJSC,QUEE,2026-05-13,1,0,0,2,0,1,11470,9714.712,1.1681952,71400,1
NJSC->QUEE,NJSC,QUEE,2026-05-14,1,0,0,2,0,1,10657,8823.376,1.061012,71400,1
NJSC->QUEE,NJSC,QUEE,2026-05-15,1,0,0,1,0,2,8874,6679.117,1.204747,47600,1
NJSC->QUEE,NJSC,QUEE,2026-05-16,1,0,0,2,0,1,11770,9898.225,1.1902628,71400,0
NJSC->QUEE,NJSC,QUEE,2026-05-17,1,0,0,2,0,1,11734,10032.736,1.2064377,71400,1
NJSC->QUEE,NJSC,QUEE,2026-05-18,1,0,0,0,0,3,1887,2163.321,0.7804188,23800,1
NJSC->QUEE,NJSC,QUEE,2026-05-19,1,0,0,0,0,3,314,251.914,0.09087807,23800,1
NJSC->QUEE,NJSC,QUEE,2026-05-20,1,0,0,0,0,3,515,397.575,0.14342533,23800,1
NJSC->QUEE,NJSC,QUEE,2026-05-21,1,0,0,0,0,3,453,372.81,0.13449134,23800,1
NJSC->QUEE,NJSC,QUEE,2026-05-22,1,0,0,0,0,3,321,289.87,0.10457071,23800,1
NJSC->QUEE,NJSC,QUEE,2026-05-23,1,0,0,0,0,3,2,1.809,0.0006525974,23800,1
NJSC->QUEE,NJSC,QUEE,2026-05-24,0,0,0,0,0,4,0,0.0,0.0,0,0
NJSC->QUEE,NJSC,QUEE,2026-05-25,0,0,0,0,0,4,0,0.0,0.0,0,0
NJSC->QUEE,NJSC,QUEE,2026-05-26,0,0,0,0,0,4,0,0.0,0.0,0,0
NJSC->QUEE,NJSC,QUEE,2026-05-27,0,0,0,0,0,3,0,0.0,0.0,0,0
NJSC->SWCT,NJSC,SWCT,2026-04-27,0,0,0,0,0,1,0,0.0,0.0,0,0
NJSC->SWCT,NJSC,SWCT,2026-04-28,1,0,0,0,0,1,1098,918.45,0.33133116,30378,1
NJSC->SWCT,NJSC,SWCT,2026-04-29,1,0,0,0,0,1,1327,1106.25,0.3990801,30378,1
NJSC->SWCT,NJSC,SWCT,2026-04-30,1,0,0,0,0,1,1114,936.864,0.337974,30378,1
NJSC->SWCT,NJSC,SWCT,2026-05-01,1,0,0,0,0,1,1041,866.789,0.31269443,30378,1
NJSC->SWCT,NJSC,SWCT,2026-05-02,1,0,0,0,0,1,1257,1060.062,0.38241774,30378,1
NJSC->SWCT,NJSC,SWCT,2026-05-03,1,0,0,0,0,1,1339,1094.603,0.39487842,30378,1
NJSC->SWCT,NJSC,SWCT,2026-05-04,1,0,0,0,0,1,1212,1039.477,0.37499171,30378,1
NJSC->SWCT,NJSC,SWCT,2026-05-05,1,0,0,0,0,1,1202,993.873,0.35854006,30378,1
NJSC->SWCT,NJSC,SWCT,2026-05-06,1,0,0,0,0,1,1381,1155.828,0.41696537,30378,1
NJSC->SWCT,NJSC,SWCT,2026-05-07,1,0,0,0,0,1,1152,961.95,0.34702381,30378,1
NJSC->SWCT,NJSC,SWCT,2026-05-08,1,0,0,0,0,1,976,807.329,0.29124424,30378,1
NJSC->SWCT,NJSC,SWCT,2026-05-09,1,0,0,0,0,1,1292,1085.017,0.39142027,30378,1
NJSC->SWCT,NJSC,SWCT,2026-05-10,1,0,0,0,0,1,1316,1111.053,0.40081277,30378,1
NJSC->SWCT,NJSC,SWCT,2026-05-11,1,0,0,0,0,1,1153,957.337,0.34535965,30378,1
NJSC->SWCT,NJSC,SWCT,2026-05-12,1,0,0,0,0,1,1279,1077.842,0.38883188,30378,1
NJSC->SWCT,NJSC,SWCT,2026-05-13,1,0,0,0,0,1,1284,1068.712,0.38553825,30378,1
NJSC->SWCT,NJSC,SWCT,2026-05-14,1,0,0,0,0,1,1174,976.383,0.35223052,30378,1
NJSC->SWCT,NJSC,SWCT,2026-05-15,1,0,0,0,0,1,1031,849.889,0.30659777,30378,1
NJSC->SWCT,NJSC,SWCT,2026-05-16,1,0,0,0,0,1,1389,1181.415,0.4261959,30378,1
NJSC->SWCT,NJSC,SWCT,2026-05-17,1,0,0,0,0,1,1232,1015.344,0.3662857,30378,1
NJSC->SWCT,NJSC,SWCT,2026-05-18,1,0,0,0,0,1,111,99.995,0.036073234,30378,1
NJSC->SWCT,NJSC,SWCT,2026-05-19,1,0,0,0,0,1,2,3.538,0.0012763347,30378,1
NJSC->SWCT,NJSC,SWCT,2026-05-20,0,0,0,0,0,2,0,0.0,0.0,0,0
NJSC->SWCT,NJSC,SWCT,2026-05-21,0,0,0,0,0,2,0,0.0,0.0,0,0
NJSC->SWCT,NJSC,SWCT,2026-05-22,0,0,0,0,0,2,0,0.0,0.0,0,0
NJSC->SWCT,NJSC,SWCT,2026-05-23,0,0,0,0,0,2,0,0.0,0.0,0,0
NJSC->SWCT,NJSC,SWCT,2026-05-24,0,0,0,0,0,2,0,0.0,0.0,0,0
NJSC->SWCT,NJSC,SWCT,2026-05-25,0,0,0,0,0,2,0,0.0,0.0,0,0
NJSC->SWCT,NJSC,SWCT,2026-05-26,0,0,0,0,0,2,0,0.0,0.0,0,0
NJSC->SWCT,NJSC,SWCT,2026-05-27,0,0,0,0,0,1,0,0.0,0.0,0,0
PHSC->BASC,PHSC,BASC,2026-04-27,0,0,0,0,0,1,0,0.0,0.0,0,0
PHSC->BASC,PHSC,BASC,2026-04-28,1,0,0,1,0,3,8297,6563.393,1.1838732,76552,2
PHSC->BASC,PHSC,BASC,2026-04-29,1,0,0,4,0,0,17239,13631.046,0.98348093,191380,1
PHSC->BASC,PHSC,BASC,2026-04-30,1,0,0,2,0,2,12096,9905.857,1.1911805,114828,1
PHSC->BASC,PHSC,BASC,2026-05-01,1,0,0,4,0,0,14619,13688.27,0.9876097,191380,1
PHSC->BASC,PHSC,BASC,2026-05-02,1,0,0,2,0,2,14475,9873.041,1.1872344,114828,1
PHSC->BASC,PHSC,BASC,2026-05-03,1,0,0,4,0,0,16795,14582.621,1.0521371,191380,1
PHSC->BASC,PHSC,BASC,2026-05-04,1,0,0,4,0,0,15687,13766.067,0.9932227,191380,1
PHSC->BASC,PHSC,BASC,2026-05-05,1,0,0,2,0,2,13313,9815.156,1.1802737,114828,2
PHSC->BASC,PHSC,BASC,2026-05-06,1,0,0,4,0,0,17001,15321.644,1.1054577,191380,1
PHSC->BASC,PHSC,BASC,2026-05-07,1,0,0,2,0,2,12160,9907.966,1.1914341,114828,1
PHSC->BASC,PHSC,BASC,2026-05-08,1,0,0,4,0,0,14487,13613.461,0.9822122,191380,1
PHSC->BASC,PHSC,BASC,2026-05-09,1,0,0,2,0,2,14479,9873.696,1.1873131,114828,1
PHSC->BASC,PHSC,BASC,2026-05-10,1,0,0,4,0,0,16816,14610.723,1.0541648,191380,1
PHSC->BASC,PHSC,BASC,2026-05-11,1,0,0,4,0,0,15765,13819.23,0.99705845,191380,1
PHSC->BASC,PHSC,BASC,2026-05-12,1,0,0,2,0,2,13396,9818.439,1.1806685,114828,2
PHSC->BASC,PHSC,BASC,2026-05-13,1,0,0,4,0,0,17045,15411.544,1.111944,191380,1
PHSC->BASC,PHSC,BASC,2026-05-14,1,0,0,2,0,2,12149,9910.48,1.1917365,114828,2
PHSC->BASC,PHSC,BASC,2026-05-15,1,0,0,4,0,0,14377,13532.566,0.97637564,191380,1
PHSC->BASC,PHSC,BASC,2026-05-16,1,0,0,2,0,2,14413,9870.406,1.1869175,114828,1
PHSC->BASC,PHSC,BASC,2026-05-17,1,0,0,4,0,0,16738,14576.011,1.0516603,191380,1
PHSC->BASC,PHSC,BASC,2026-05-18,1,0,0,1,0,3,5766,6299.036,1.1361897,76552,1
PHSC->BASC,PHSC,BASC,2026-05-19,1,0,0,0,0,4,211,174.568,0.062975466,38276,1
PHSC->BASC,PHSC,BASC,2026-05-20,0,0,0,0,0,5,0,0.0,0.0,0,0
PHSC->BASC,PHSC,BASC,2026-05-21,0,0,0,0,0,5,0,0.0,0.0,0,0
PHSC->BASC,PHSC,BASC,2026-05-22,0,0,0,0,0,5,0,0.0,0.0,0,0
PHSC->BASC,PHSC,BASC,2026-05-23,0,0,0,0,0,5,0,0.0,0.0,0,0
PHSC->BASC,PHSC,BASC,2026-05-24,0,0,0,0,0,5,0,0.0,0.0,0,0
PHSC->BASC,PHSC,BASC,2026-05-25,0,0,0,0,0,5,0,0.0,0.0,0,0
PHSC->BASC,PHSC,BASC,2026-05-26,0,0,0,0,0,5,0,0.0,0.0,0,0
PHSC->BASC,PHSC,BASC,2026-05-27,0,0,0,0,0,4,0,0.0,0.0,0,0
PHSC->LEHI,PHSC,LEHI,2026-04-27,0,0,0,0,0,1,0,0.0,0.0,0,0
PHSC->LEHI,PHSC,LEHI,2026-04-28,1,0,0,0,0,1,1740,1449.87,0.5230411,30752,1
PHSC->LEHI,PHSC,LEHI,2026-04-29,1,0,0,0,0,1,2806,2236.075,0.8066649,30752,1
PHSC->LEHI,PHSC,LEHI,2026-04-30,1,0,0,0,0,1,2300,2063.081,0.7442572,30752,1
PHSC->LEHI,PHSC,LEHI,2026-05-01,1,0,0,0,0,1,2686,2239.879,0.80803716,30752,1
PHSC->LEHI,PHSC,LEHI,2026-05-02,1,0,0,0,0,1,2653,2102.361,0.7584275,30752,1
PHSC->LEHI,PHSC,LEHI,2026-05-03,1,0,0,0,0,1,3039,2515.344,0.9074113,30752,1
PHSC->LEHI,PHSC,LEHI,2026-05-04,1,0,0,0,0,1,2940,2500.188,0.90194374,30752,1
PHSC->LEHI,PHSC,LEHI,2026-05-05,1,0,0,0,0,1,3011,2403.666,0.86712337,30752,1
PHSC->LEHI,PHSC,LEHI,2026-05-06,1,0,0,0,0,1,2950,2497.695,0.90104437,30752,1
PHSC->LEHI,PHSC,LEHI,2026-05-07,1,0,0,0,0,1,2474,2219.523,0.80069375,30752,1
PHSC->LEHI,PHSC,LEHI,2026-05-08,1,0,0,0,0,1,2773,2292.597,0.8270552,30752,1
PHSC->LEHI,PHSC,LEHI,2026-05-09,1,0,0,0,0,1,2674,2133.587,0.7696923,30752,1
PHSC->LEHI,PHSC,LEHI,2026-05-10,1,0,0,0,0,1,3135,2640.669,0.9526223,30752,1
PHSC->LEHI,PHSC,LEHI,2026-05-11,1,0,0,0,0,1,2623,2261.98,0.8160101,30752,1
PHSC->LEHI,PHSC,LEHI,2026-05-12,1,0,0,0,0,1,3235,2605.658,0.9399921,30752,1
PHSC->LEHI,PHSC,LEHI,2026-05-13,1,0,0,0,0,1,2874,2344.793,0.8458849,30752,1
PHSC->LEHI,PHSC,LEHI,2026-05-14,1,0,0,0,0,1,2561,2294.116,0.82760316,30752,1
PHSC->LEHI,PHSC,LEHI,2026-05-15,1,0,0,0,0,1,2778,2355.672,0.8498095,30752,1
PHSC->LEHI,PHSC,LEHI,2026-05-16,1,0,0,0,0,1,2637,2114.905,0.76295274,30752,1
PHSC->LEHI,PHSC,LEHI,2026-05-17,1,0,0,0,0,1,3178,2629.916,0.94874316,30752,1
PHSC->LEHI,PHSC,LEHI,2026-05-18,1,0,0,0,0,1,753,763.856,0.27556133,30752,1
PHSC->LEHI,PHSC,LEHI,2026-05-19,1,0,0,0,0,1,309,253.11,0.091309525,30752,1
PHSC->LEHI,PHSC,LEHI,2026-05-20,1,0,0,0,0,1,261,213.486,0.077015154,30752,1
PHSC->LEHI,PHSC,LEHI,2026-05-21,1,0,0,0,0,1,157,143.019,0.051594157,30752,1
PHSC->LEHI,PHSC,LEHI,2026-05-22,1,0,0,0,0,1,3,1.861,0.0006713564,30752,1
PHSC->LEHI,PHSC,LEHI,2026-05-23,0,0,0,0,0,2,0,0.0,0.0,0,0
PHSC->LEHI,PHSC,LEHI,2026-05-24,0,0,0,0,0,2,0,0.0,0.0,0,0
PHSC->LEHI,PHSC,LEHI,2026-05-25,0,0,0,0,0,2,0,0.0,0.0,0,0
PHSC->LEHI,PHSC,LEHI,2026-05-26,0,0,0,0,0,2,0,0.0,0.0,0,0
PHSC->LEHI,PHSC,LEHI,2026-05-27,0,0,0,0,0,1,0,0.0,0.0,0,0
PHSC->NJSC,PHSC,NJSC,2026-04-27,0,0,0,0,0,1,0,0.0,0.0,0,0
PHSC->NJSC,PHSC,NJSC,2026-04-28,1,0,0,1,0,1,4830,4030.253,0.7269576,68236,1
PHSC->NJSC,PHSC,NJSC,2026-04-29,1,0,0,1,0,1,6004,5031.845,0.90761995,68236,0
PHSC->NJSC,PHSC,NJSC,2026-04-30,1,0,0,1,0,1,5113,4261.527,0.7686737,68236,2
PHSC->NJSC,PHSC,NJSC,2026-05-01,1,0,0,2,0,0,11083,9272.331,1.1149989,102354,0
PHSC->NJSC,PHSC,NJSC,2026-05-02,1,0,0,1,0,1,6632,5781.658,1.0428677,68236,0
PHSC->NJSC,PHSC,NJSC,2026-05-03,1,0,0,2,0,0,9900,8087.404,0.9725113,102354,0
PHSC->NJSC,PHSC,NJSC,2026-05-04,1,0,0,2,0,0,9188,7663.269,0.921509,102354,0
PHSC->NJSC,PHSC,NJSC,2026-05-05,1,0,0,1,0,1,9708,6483.026,1.169377,68236,2
PHSC->NJSC,PHSC,NJSC,2026-05-06,1,0,0,2,0,0,10111,9612.813,1.155942,102354,0
PHSC->NJSC,PHSC,NJSC,2026-05-07,1,0,0,1,0,1,7793,6630.35,1.1959506,68236,1
PHSC->NJSC,PHSC,NJSC,2026-05-08,1,0,0,2,0,0,11592,9530.199,1.1460075,102354,0
PHSC->NJSC,PHSC,NJSC,2026-05-09,1,0,0,1,0,1,7844,6460.784,1.1653651,68236,0
PHSC->NJSC,PHSC,NJSC,2026-05-10,1,0,0,2,0,0,11064,9852.8,1.1848004,102354,0
PHSC->NJSC,PHSC,NJSC,2026-05-11,1,0,0,1,0,1,6329,5529.314,0.997351,68236,0
PHSC->NJSC,PHSC,NJSC,2026-05-12,1,0,0,2,0,0,12429,9921.914,1.1931113,102354,0
PHSC->NJSC,PHSC,NJSC,2026-05-13,1,0,0,1,0,1,8153,6245.896,1.1266047,68236,0
PHSC->NJSC,PHSC,NJSC,2026-05-14,1,0,0,2,0,0,8290,7595.066,0.9133076,102354,0
PHSC->NJSC,PHSC,NJSC,2026-05-15,1,0,0,2,0,0,11484,9450.518,1.136426,102354,0
PHSC->NJSC,PHSC,NJSC,2026-05-16,1,0,0,1,0,1,6927,6238.685,1.125304,68236,1
PHSC->NJSC,PHSC,NJSC,2026-05-17,1,0,0,2,0,0,11903,9895.577,1.1899443,102354,0
PHSC->NJSC,PHSC,NJSC,2026-05-18,1,0,0,0,0,2,2213,1812.157,0.6537363,34118,1
PHSC->NJSC,PHSC,NJSC,2026-05-19,1,0,0,0,0,2,3388,2683.072,0.9679192,34118,1
PHSC->NJSC,PHSC,NJSC,2026-05-20,1,0,0,0,0,2,3379,2770.177,0.9993423,34118,1
PHSC->NJSC,PHSC,NJSC,2026-05-21,1,0,0,0,0,2,2018,1802.557,0.6502731,34118,1
PHSC->NJSC,PHSC,NJSC,2026-05-22,1,0,0,0,0,2,41,36.22,0.013066378,34118,1
PHSC->NJSC,PHSC,NJSC,2026-05-23,0,0,0,0,0,3,0,0.0,0.0,0,0
PHSC->NJSC,PHSC,NJSC,2026-05-24,0,0,0,0,0,3,0,0.0,0.0,0,0
PHSC->NJSC,PHSC,NJSC,2026-05-25,0,0,0,0,0,3,0,0.0,0.0,0,0
PHSC->NJSC,PHSC,NJSC,2026-05-26,0,0,0,0,0,3,0,0.0,0.0,0,0
PHSC->NJSC,PHSC,NJSC,2026-05-27,0,0,0,0,0,2,0,0.0,0.0,0,0
PHSC->PHLA,PHSC,PHLA,2026-04-27,0,0,0,0,0,1,0,0.0,0.0,0,0
PHSC->PHLA,PHSC,PHLA,2026-04-28,1,0,0,0,0,1,4214,3204.824,1.1561414,19378,1
PHSC->PHLA,PHSC,PHLA,2026-04-29,1,0,0,1,0,0,5850,5217.015,0.94102,38756,0
PHSC->PHLA,PHSC,PHLA,2026-04-30,1,0,0,1,0,0,4861,4056.381,0.73167044,38756,0
PHSC->PHLA,PHSC,PHLA,2026-05-01,1,0,0,1,0,0,6306,5274.229,0.95134,38756,0
PHSC->PHLA,PHSC,PHLA,2026-05-02,1,0,0,1,0,0,5659,4779.614,0.8621237,38756,0
PHSC->PHLA,PHSC,PHLA,2026-05-03,1,0,0,1,0,0,6554,5436.367,0.9805857,38756,0
PHSC->PHLA,PHSC,PHLA,2026-05-04,1,0,0,1,0,0,6204,5185.984,0.9354228,38756,0
PHSC->PHLA,PHSC,PHLA,2026-05-05,1,0,0,1,0,0,6788,5333.588,0.9620469,38756,0
PHSC->PHLA,PHSC,PHLA,2026-05-06,1,0,0,1,0,0,6345,5516.301,0.99500376,38756,0
PHSC->PHLA,PHSC,PHLA,2026-05-07,1,0,0,1,0,0,5543,4709.083,0.8494017,38756,0
PHSC->PHLA,PHSC,PHLA,2026-05-08,1,0,0,1,0,0,6315,5191.332,0.9363874,38756,0
PHSC->PHLA,PHSC,PHLA,2026-05-09,1,0,0,1,0,0,5899,4914.149,0.8863905,38756,0
PHSC->PHLA,PHSC,PHLA,2026-05-10,1,0,0,1,0,0,7072,6121.04,1.1040837,38756,0
PHSC->PHLA,PHSC,PHLA,2026-05-11,1,0,0,1,0,0,5153,4299.17,0.7754636,38756,0
PHSC->PHLA,PHSC,PHLA,2026-05-12,1,0,0,1,0,0,7370,6016.137,1.0851618,38756,0
PHSC->PHLA,PHSC,PHLA,2026-05-13,1,0,0,1,0,0,6051,4956.067,0.8939515,38756,0
PHSC->PHLA,PHSC,PHLA,2026-05-14,1,0,0,1,0,0,5736,4977.616,0.89783835,38756,0
PHSC->PHLA,PHSC,PHLA,2026-05-15,1,0,0,1,0,0,6403,5276.875,0.9518173,38756,0
PHSC->PHLA,PHSC,PHLA,2026-05-16,1,0,0,1,0,0,5662,4861.62,0.8769156,38756,0
PHSC->PHLA,PHSC,PHLA,2026-05-17,1,0,0,1,0,0,7278,6082.128,1.097065,38756,0
PHSC->PHLA,PHSC,PHLA,2026-05-18,1,0,0,0,0,1,725,604.272,0.21799134,19378,1
PHSC->PHLA,PHSC,PHLA,2026-05-19,1,0,0,0,0,1,946,743.643,0.26826948,19378,1
PHSC->PHLA,PHSC,PHLA,2026-05-20,1,0,0,0,0,1,831,683.466,0.2465606,19378,1
PHSC->PHLA,PHSC,PHLA,2026-05-21,1,0,0,0,0,1,444,399.88,0.14425686,19378,1
PHSC->PHLA,PHSC,PHLA,2026-05-22,1,0,0,0,0,1,12,9.145,0.0032990621,19378,1
PHSC->PHLA,PHSC,PHLA,2026-05-23,0,0,0,0,0,2,0,0.0,0.0,0,0
PHSC->PHLA,PHSC,PHLA,2026-05-24,0,0,0,0,0,2,0,0.0,0.0,0,0
PHSC->PHLA,PHSC,PHLA,2026-05-25,0,0,0,0,0,2,0,0.0,0.0,0,0
PHSC->PHLA,PHSC,PHLA,2026-05-26,0,0,0,0,0,2,0,0.0,0.0,0,0
PHSC->PHLA,PHSC,PHLA,2026-05-27,0,0,0,0,0,1,0,0.0,0.0,0,0
PHSC->SOJY,PHSC,SOJY,2026-04-27,0,0,0,0,0,1,0,0.0,0.0,0,0
PHSC->SOJY,PHSC,SOJY,2026-04-28,1,0,0,0,0,1,2645,2224.237,0.8023943,20412,1
PHSC->SOJY,PHSC,SOJY,2026-04-29,1,0,0,0,0,1,4026,3048.829,1.0998662,20412,1
PHSC->SOJY,PHSC,SOJY,2026-04-30,1,0,0,0,0,1,3517,3175.452,1.1455455,20412,1
PHSC->SOJY,PHSC,SOJY,2026-05-01,1,0,0,0,0,1,3836,3040.291,1.096786,20412,1
PHSC->SOJY,PHSC,SOJY,2026-05-02,1,0,0,0,0,1,4008,3200.242,1.1544884,20412,1
PHSC->SOJY,PHSC,SOJY,2026-05-03,1,0,0,1,0,0,4828,4211.587,0.7596658,40824,0
PHSC->SOJY,PHSC,SOJY,2026-05-04,1,0,0,0,0,1,4083,3203.51,1.1556674,20412,0
PHSC->SOJY,PHSC,SOJY,2026-05-05,1,0,0,0,0,1,4296,3231.734,1.1658492,20412,0
PHSC->SOJY,PHSC,SOJY,2026-05-06,1,0,0,1,0,0,4981,4725.62,0.85238457,40824,0
PHSC->SOJY,PHSC,SOJY,2026-05-07,1,0,0,0,0,1,3658,3181.823,1.1478438,20412,1
PHSC->SOJY,PHSC,SOJY,2026-05-08,1,0,0,0,0,1,3876,3042.41,1.0975505,20412,1
PHSC->SOJY,PHSC,SOJY,2026-05-09,1,0,0,0,0,1,4084,3204.025,1.1558532,20412,1
PHSC->SOJY,PHSC,SOJY,2026-05-10,1,0,0,1,0,0,4981,4446.352,0.80201155,40824,0
PHSC->SOJY,PHSC,SOJY,2026-05-11,1,0,0,0,0,1,3814,3189.34,1.1505556,20412,1
PHSC->SOJY,PHSC,SOJY,2026-05-12,1,0,0,0,0,1,4358,3216.803,1.1604629,20412,0
PHSC->SOJY,PHSC,SOJY,2026-05-13,1,0,0,1,0,0,4900,4471.329,0.80651677,40824,0
PHSC->SOJY,PHSC,SOJY,2026-05-14,1,0,0,0,0,1,3698,3185.136,1.1490389,20412,1
PHSC->SOJY,PHSC,SOJY,2026-05-15,1,0,0,0,0,1,3937,3044.876,1.0984402,20412,1
PHSC->SOJY,PHSC,SOJY,2026-05-16,1,0,0,0,0,1,3976,3197.393,1.1534606,20412,0
PHSC->SOJY,PHSC,SOJY,2026-05-17,1,0,0,1,0,0,5159,4656.89,0.8399874,40824,0
PHSC->SOJY,PHSC,SOJY,2026-05-18,1,0,0,0,0,1,1157,1182.953,0.42675072,20412,1
PHSC->SOJY,PHSC,SOJY,2026-05-19,1,0,0,0,0,1,423,334.362,0.12062121,20412,1
PHSC->SOJY,PHSC,SOJY,2026-05-20,1,0,0,0,0,1,429,336.358,0.12134127,20412,1
PHSC->SOJY,PHSC,SOJY,2026-05-21,1,0,0,0,0,1,211,206.541,0.07450974,20412,1
PHSC->SOJY,PHSC,SOJY,2026-05-22,1,0,0,0,0,1,4,5.312,0.0019163059,20412,1
PHSC->SOJY,PHSC,SOJY,2026-05-23,0,0,0,0,0,2,0,0.0,0.0,0,0
PHSC->SOJY,PHSC,SOJY,2026-05-24,0,0,0,0,0,2,0,0.0,0.0,0,0
PHSC->SOJY,PHSC,SOJY,2026-05-25,0,0,0,0,0,2,0,0.0,0.0,0,0
PHSC->SOJY,PHSC,SOJY,2026-05-26,0,0,0,0,0,2,0,0.0,0.0,0,0
PHSC->SOJY,PHSC,SOJY,2026-05-27,0,0,0,0,0,1,0,0.0,0.0,0,0
PHSC->WILM,PHSC,WILM,2026-04-27,0,0,0,0,0,1,0,0.0,0.0,0,0
PHSC->WILM,PHSC,WILM,2026-04-28,1,0,0,0,0,1,1527,1290.494,0.4655462,17948,1
PHSC->WILM,PHSC,WILM,2026-04-29,1,0,0,0,0,1,2269,1821.432,0.65708226,17948,1
PHSC->WILM,PHSC,WILM,2026-04-30,1,0,0,0,0,1,1929,1677.342,0.6051017,17948,1
PHSC->WILM,PHSC,WILM,2026-05-01,1,0,0,0,0,1,2044,1686.456,0.6083896,17948,1
PHSC->WILM,PHSC,WILM,2026-05-02,1,0,0,0,0,1,2209,1765.448,0.636886,17948,1
PHSC->WILM,PHSC,WILM,2026-05-03,1,0,0,0,0,1,2407,2002.114,0.72226334,17948,1
PHSC->WILM,PHSC,WILM,2026-05-04,1,0,0,0,0,1,2337,1972.636,0.71162915,17948,1
PHSC->WILM,PHSC,WILM,2026-05-05,1,0,0,0,0,1,2401,1952.813,0.70447797,17948,1
PHSC->WILM,PHSC,WILM,2026-05-06,1,0,0,0,0,1,2401,2071.168,0.7471746,17948,1
PHSC->WILM,PHSC,WILM,2026-05-07,1,0,0,0,0,1,2046,1786.476,0.6444719,17948,1
PHSC->WILM,PHSC,WILM,2026-05-08,1,0,0,0,0,1,2098,1714.017,0.61833227,17948,1
PHSC->WILM,PHSC,WILM,2026-05-09,1,0,0,0,0,1,2186,1762.657,0.63587916,17948,1
PHSC->WILM,PHSC,WILM,2026-05-10,1,0,0,0,0,1,2512,2118.679,0.76431423,17948,1
PHSC->WILM,PHSC,WILM,2026-05-11,1,0,0,0,0,1,2147,1836.163,0.6623965,17948,1
PHSC->WILM,PHSC,WILM,2026-05-12,1,0,0,0,0,1,2528,2065.474,0.74512047,17948,1
PHSC->WILM,PHSC,WILM,2026-05-13,1,0,0,0,0,1,2349,1959.58,0.7069192,17948,1
PHSC->WILM,PHSC,WILM,2026-05-14,1,0,0,0,0,1,2070,1811.671,0.653561,17948,1
PHSC->WILM,PHSC,WILM,2026-05-15,1,0,0,0,0,1,2145,1809.573,0.65280414,17948,1
PHSC->WILM,PHSC,WILM,2026-05-16,1,0,0,0,0,1,2182,1754.907,0.63308334,17948,1
PHSC->WILM,PHSC,WILM,2026-05-17,1,0,0,0,0,1,2529,2072.789,0.7477594,17948,1
PHSC->WILM,PHSC,WILM,2026-05-18,1,0,0,0,0,1,541,570.433,0.2057839,17948,1
PHSC->WILM,PHSC,WILM,2026-05-19,1,0,0,0,0,1,181,147.564,0.053233765,17948,1
PHSC->WILM,PHSC,WILM,2026-05-20,1,0,0,0,0,1,142,112.894,0.04072655,17948,1
PHSC->WILM,PHSC,WILM,2026-05-21,1,0,0,0,0,1,139,123.094,0.044406205,17948,1
PHSC->WILM,PHSC,WILM,2026-05-22,1,0,0,0,0,1,4,3.616,0.0013044733,17948,1
PHSC->WILM,PHSC,WILM,2026-05-23,0,0,0,0,0,2,0,0.0,0.0,0,0
PHSC->WILM,PHSC,WILM,2026-05-24,0,0,0,0,0,2,0,0.0,0.0,0,0
PHSC->WILM,PHSC,WILM,2026-05-25,0,0,0,0,0,2,0,0.0,0.0,0,0
PHSC->WILM,PHSC,WILM,2026-05-26,0,0,0,0,0,2,0,0.0,0.0,0,0
PHSC->WILM,PHSC,WILM,2026-05-27,0,0,0,0,0,1,0,0.0,0.0,0,0
QUEE->LNIS,QUEE,LNIS,2026-04-27,0,0,0,0,0,1,0,0.0,0.0,0,0
QUEE->LNIS,QUEE,LNIS,2026-04-28,1,0,0,0,0,1,1215,1084.037,0.39106673,20720,1
QUEE->LNIS,QUEE,LNIS,2026-04-29,1,0,0,0,0,1,3042,2274.304,0.82045597,20720,1
QUEE->LNIS,QUEE,LNIS,2026-04-30,1,0,0,0,0,1,2222,2518.642,0.908601,20720,1
QUEE->LNIS,QUEE,LNIS,2026-05-01,1,0,0,0,0,1,2630,2205.862,0.7957655,20720,1
QUEE->LNIS,QUEE,LNIS,2026-05-02,1,0,0,0,0,1,3195,1841.878,0.66445816,20720,1
QUEE->LNIS,QUEE,LNIS,2026-05-03,1,0,0,0,0,1,3360,2960.8,1.0681096,20720,1
QUEE->LNIS,QUEE,LNIS,2026-05-04,1,0,0,0,0,1,2446,2687.787,0.9696201,20720,1
QUEE->LNIS,QUEE,LNIS,2026-05-05,1,0,0,0,0,1,3012,2542.958,0.917373,20720,1
QUEE->LNIS,QUEE,LNIS,2026-05-06,1,0,0,0,0,1,3842,2532.293,0.91352564,20720,1
QUEE->LNIS,QUEE,LNIS,2026-05-07,1,0,0,0,0,1,2535,2646.428,0.9546999,20720,1
QUEE->LNIS,QUEE,LNIS,2026-05-08,1,0,0,0,0,1,2893,2574.347,0.92869663,20720,1
QUEE->LNIS,QUEE,LNIS,2026-05-09,1,0,0,0,0,1,3190,1816.06,0.6551443,20720,1
QUEE->LNIS,QUEE,LNIS,2026-05-10,1,0,0,0,0,1,3324,2768.017,0.9985631,20720,1
QUEE->LNIS,QUEE,LNIS,2026-05-11,1,0,0,0,0,1,3261,2781.619,1.0034701,20720,1
QUEE->LNIS,QUEE,LNIS,2026-05-12,1,0,0,0,0,1,2995,2669.876,0.9631587,20720,1
QUEE->LNIS,QUEE,LNIS,2026-05-13,1,0,0,0,0,1,3182,2527.757,0.91188926,20720,1
QUEE->LNIS,QUEE,LNIS,2026-05-14,1,0,0,0,0,1,3189,2722.876,0.9822785,20720,1
QUEE->LNIS,QUEE,LNIS,2026-05-15,1,0,0,0,0,1,2050,2395.084,0.86402744,20720,1
QUEE->LNIS,QUEE,LNIS,2026-05-16,1,0,0,0,0,1,3343,1964.561,0.7087161,20720,1
QUEE->LNIS,QUEE,LNIS,2026-05-17,1,0,0,0,0,1,2508,2772.526,1.0001898,20720,1
QUEE->LNIS,QUEE,LNIS,2026-05-18,1,0,0,0,0,1,2534,1700.376,0.61341125,20720,1
QUEE->LNIS,QUEE,LNIS,2026-05-19,1,0,0,0,0,1,443,527.671,0.1903575,20720,1
QUEE->LNIS,QUEE,LNIS,2026-05-20,1,0,0,0,0,1,45,22.791,0.008221862,20720,1
QUEE->LNIS,QUEE,LNIS,2026-05-21,1,0,0,0,0,1,160,128.014,0.046181098,20720,1
QUEE->LNIS,QUEE,LNIS,2026-05-22,1,0,0,0,0,1,113,94.401,0.034055196,20720,1
QUEE->LNIS,QUEE,LNIS,2026-05-23,1,0,0,0,0,1,112,99.595,0.03592893,20720,1
QUEE->LNIS,QUEE,LNIS,2026-05-24,1,0,0,0,0,1,1,1.759,0.0006345599,20720,1
QUEE->LNIS,QUEE,LNIS,2026-05-25,0,0,0,0,0,2,0,0.0,0.0,0,0
QUEE->LNIS,QUEE,LNIS,2026-05-26,0,0,0,0,0,2,0,0.0,0.0,0,0
QUEE->LNIS,QUEE,LNIS,2026-05-27,0,0,0,0,0,1,0,0.0,0.0,0,0
QUEE->NJSC,QUEE,NJSC,2026-04-27,0,0,0,0,0,1,0,0.0,0.0,0,0
QUEE->NJSC,QUEE,NJSC,2026-04-28,1,0,0,0,0,1,1117,935.986,0.33765727,23800,1
QUEE->NJSC,QUEE,NJSC,2026-04-29,1,0,0,0,0,1,1218,1012.353,0.36520672,23800,1
QUEE->NJSC,QUEE,NJSC,2026-04-30,1,0,0,0,0,1,894,747.771,0.26975867,23800,1
QUEE->NJSC,QUEE,NJSC,2026-05-01,1,0,0,0,0,1,792,666.115,0.24030122,23800,1
QUEE->NJSC,QUEE,NJSC,2026-05-02,1,0,0,0,0,1,1217,1016.28,0.36662337,23800,1
QUEE->NJSC,QUEE,NJSC,2026-05-03,1,0,0,0,0,1,1134,960.488,0.3464964,23800,1
QUEE->NJSC,QUEE,NJSC,2026-05-04,1,0,0,0,0,1,1116,917.649,0.3310422,23800,1
QUEE->NJSC,QUEE,NJSC,2026-05-05,1,0,0,0,0,1,1151,971.09,0.35032105,23800,1
QUEE->NJSC,QUEE,NJSC,2026-05-06,1,0,0,0,0,1,1248,1032.602,0.37251154,23800,1
QUEE->NJSC,QUEE,NJSC,2026-05-07,1,0,0,0,0,1,890,753.539,0.27183947,23800,1
QUEE->NJSC,QUEE,NJSC,2026-05-08,1,0,0,0,0,1,803,665.196,0.2399697,23800,1
QUEE->NJSC,QUEE,NJSC,2026-05-09,1,0,0,0,0,1,1219,1017.831,0.3671829,23800,1
QUEE->NJSC,QUEE,NJSC,2026-05-10,1,0,0,0,0,1,1120,935.372,0.33743578,23800,1
QUEE->NJSC,QUEE,NJSC,2026-05-11,1,0,0,0,0,1,1116,936.179,0.33772692,23800,1
QUEE->NJSC,QUEE,NJSC,2026-05-12,1,0,0,0,0,1,1135,950.776,0.34299278,23800,1
QUEE->NJSC,QUEE,NJSC,2026-05-13,1,0,0,0,0,1,1232,1034.273,0.37311435,23800,1
QUEE->NJSC,QUEE,NJSC,2026-05-14,1,0,0,0,0,1,897,743.597,0.26825288,23800,1
QUEE->NJSC,QUEE,NJSC,2026-05-15,1,0,0,0,0,1,810,673.545,0.2429816,23800,1
QUEE->NJSC,QUEE,NJSC,2026-05-16,1,0,0,0,0,1,1245,1039.337,0.3749412,23800,1
QUEE->NJSC,QUEE,NJSC,2026-05-17,1,0,0,0,0,1,1136,942.013,0.33983153,23800,1
QUEE->NJSC,QUEE,NJSC,2026-05-18,1,0,0,0,0,1,39,46.406,0.016740981,23800,1
QUEE->NJSC,QUEE,NJSC,2026-05-19,0,0,0,0,0,2,0,0.0,0.0,0,0
QUEE->NJSC,QUEE,NJSC,2026-05-20,0,0,0,0,0,2,0,0.0,0.0,0,0
QUEE->NJSC,QUEE,NJSC,2026-05-21,0,0,0,0,0,2,0,0.0,0.0,0,0
QUEE->NJSC,QUEE,NJSC,2026-05-22,0,0,0,0,0,2,0,0.0,0.0,0,0
QUEE->NJSC,QUEE,NJSC,2026-05-23,0,0,0,0,0,2,0,0.0,0.0,0,0
QUEE->NJSC,QUEE,NJSC,2026-05-24,0,0,0,0,0,2,0,0.0,0.0,0,0
QUEE->NJSC,QUEE,NJSC,2026-05-25,0,0,0,0,0,2,0,0.0,0.0,0,0
QUEE->NJSC,QUEE,NJSC,2026-05-26,0,0,0,0,0,2,0,0.0,0.0,0,0
QUEE->NJSC,QUEE,NJSC,2026-05-27,0,0,0,0,0,1,0,0.0,0.0,0,0
QUEE->PHLA,QUEE,PHLA,2026-04-27,0,0,0,0,0,1,0,0.0,0.0,0,0
QUEE->PHLA,QUEE,PHLA,2026-04-28,1,0,0,0,0,1,1132,992.584,0.35807502,38210,1
QUEE->PHLA,QUEE,PHLA,2026-04-29,1,0,0,0,0,1,2725,1997.321,0.72053427,38210,1
QUEE->PHLA,QUEE,PHLA,2026-04-30,1,0,0,0,0,1,2189,2475.865,0.89316916,38210,1
QUEE->PHLA,QUEE,PHLA,2026-05-01,1,0,0,0,0,1,2553,2142.205,0.7728012,38210,1
QUEE->PHLA,QUEE,PHLA,2026-05-02,1,0,0,0,0,1,2957,1575.244,0.56826985,38210,1
QUEE->PHLA,QUEE,PHLA,2026-05-03,1,0,0,0,0,1,3247,2950.237,1.0642991,38210,1
QUEE->PHLA,QUEE,PHLA,2026-05-04,1,0,0,0,0,1,2156,2436.232,0.87887156,38210,1
QUEE->PHLA,QUEE,PHLA,2026-05-05,1,0,0,0,0,1,2802,2350.755,0.8480357,38210,1
QUEE->PHLA,QUEE,PHLA,2026-05-06,1,0,0,0,0,1,3531,2242.946,0.8091436,38210,1
QUEE->PHLA,QUEE,PHLA,2026-05-07,1,0,0,0,0,1,2118,2359.309,0.85112154,38210,1
QUEE->PHLA,QUEE,PHLA,2026-05-08,1,0,0,0,0,1,2656,2373.6,0.85627705,38210,1
QUEE->PHLA,QUEE,PHLA,2026-05-09,1,0,0,0,0,1,2805,1465.417,0.5286497,38210,1
QUEE->PHLA,QUEE,PHLA,2026-05-10,1,0,0,0,0,1,3021,2598.295,0.93733585,38210,1
QUEE->PHLA,QUEE,PHLA,2026-05-11,1,0,0,0,0,1,3032,2605.593,0.9399686,38210,1
QUEE->PHLA,QUEE,PHLA,2026-05-12,1,0,0,0,0,1,2907,2457.828,0.88666236,38210,1
QUEE->PHLA,QUEE,PHLA,2026-05-13,1,0,0,0,0,1,2899,2414.575,0.8710588,38210,1
QUEE->PHLA,QUEE,PHLA,2026-05-14,1,0,0,0,0,1,2933,2533.06,0.9138023,38210,1
QUEE->PHLA,QUEE,PHLA,2026-05-15,1,0,0,0,0,1,1864,2143.709,0.7733438,38210,1
QUEE->PHLA,QUEE,PHLA,2026-05-16,1,0,0,0,0,1,2949,1632.632,0.58897257,38210,1
QUEE->PHLA,QUEE,PHLA,2026-05-17,1,0,0,0,0,1,2228,2556.806,0.9223687,38210,1
QUEE->PHLA,QUEE,PHLA,2026-05-18,1,0,0,0,0,1,2405,1739.04,0.62735933,38210,1
QUEE->PHLA,QUEE,PHLA,2026-05-19,1,0,0,0,0,1,243,226.993,0.081887804,38210,1
QUEE->PHLA,QUEE,PHLA,2026-05-20,1,0,0,0,0,1,4,3.606,0.0013008658,38210,1
QUEE->PHLA,QUEE,PHLA,2026-05-21,0,0,0,0,0,2,0,0.0,0.0,0,0
QUEE->PHLA,QUEE,PHLA,2026-05-22,0,0,0,0,0,2,0,0.0,0.0,0,0
QUEE->PHLA,QUEE,PHLA,2026-05-23,0,0,0,0,0,2,0,0.0,0.0,0,0
QUEE->PHLA,QUEE,PHLA,2026-05-24,0,0,0,0,0,2,0,0.0,0.0,0,0
QUEE->PHLA,QUEE,PHLA,2026-05-25,0,0,0,0,0,2,0,0.0,0.0,0,0
QUEE->PHLA,QUEE,PHLA,2026-05-26,0,0,0,0,0,2,0,0.0,0.0,0,0
QUEE->PHLA,QUEE,PHLA,2026-05-27,0,0,0,0,0,1,0,0.0,0.0,0,0
RICH->CLTC,RICH,CLTC,2026-04-27,0,0,0,0,0,1,0,0.0,0.0,0,0
RICH->CLTC,RICH,CLTC,2026-04-28,0,0,0,0,0,2,0,0.0,0.0,0,0
RICH->CLTC,RICH,CLTC,2026-04-29,0,0,0,0,0,2,0,0.0,0.0,0,0
RICH->CLTC,RICH,CLTC,2026-04-30,0,0,0,0,0,2,0,0.0,0.0,0,0
RICH->CLTC,RICH,CLTC,2026-05-01,0,0,0,0,0,2,0,0.0,0.0,0,0
RICH->CLTC,RICH,CLTC,2026-05-02,0,0,0,0,0,2,0,0.0,0.0,0,0
RICH->CLTC,RICH,CLTC,2026-05-03,0,0,0,0,0,2,0,0.0,0.0,0,0
RICH->CLTC,RICH,CLTC,2026-05-04,0,0,0,0,0,2,0,0.0,0.0,0,0
RICH->CLTC,RICH,CLTC,2026-05-05,0,0,0,0,0,2,0,0.0,0.0,0,0
RICH->CLTC,RICH,CLTC,2026-05-06,0,0,0,0,0,2,0,0.0,0.0,0,0
RICH->CLTC,RICH,CLTC,2026-05-07,0,0,0,0,0,2,0,0.0,0.0,0,0
RICH->CLTC,RICH,CLTC,2026-05-08,0,0,0,0,0,2,0,0.0,0.0,0,0
RICH->CLTC,RICH,CLTC,2026-05-09,0,0,0,0,0,2,0,0.0,0.0,0,0
RICH->CLTC,RICH,CLTC,2026-05-10,0,0,0,0,0,2,0,0.0,0.0,0,0
RICH->CLTC,RICH,CLTC,2026-05-11,0,0,0,0,0,2,0,0.0,0.0,0,0
RICH->CLTC,RICH,CLTC,2026-05-12,0,0,0,0,0,2,0,0.0,0.0,0,0
RICH->CLTC,RICH,CLTC,2026-05-13,0,0,0,0,0,2,0,0.0,0.0,0,0
RICH->CLTC,RICH,CLTC,2026-05-14,0,0,0,0,0,2,0,0.0,0.0,0,0
RICH->CLTC,RICH,CLTC,2026-05-15,0,0,0,0,0,2,0,0.0,0.0,0,0
RICH->CLTC,RICH,CLTC,2026-05-16,0,0,0,0,0,2,0,0.0,0.0,0,0
RICH->CLTC,RICH,CLTC,2026-05-17,0,0,0,0,0,2,0,0.0,0.0,0,0
RICH->CLTC,RICH,CLTC,2026-05-18,0,0,0,0,0,2,0,0.0,0.0,0,0
RICH->CLTC,RICH,CLTC,2026-05-19,0,0,0,0,0,2,0,0.0,0.0,0,0
RICH->CLTC,RICH,CLTC,2026-05-20,0,0,0,0,0,2,0,0.0,0.0,0,0
RICH->CLTC,RICH,CLTC,2026-05-21,0,0,0,0,0,2,0,0.0,0.0,0,0
RICH->CLTC,RICH,CLTC,2026-05-22,0,0,0,0,0,2,0,0.0,0.0,0,0
RICH->CLTC,RICH,CLTC,2026-05-23,0,0,0,0,0,2,0,0.0,0.0,0,0
RICH->CLTC,RICH,CLTC,2026-05-24,0,0,0,0,0,2,0,0.0,0.0,0,0
RICH->CLTC,RICH,CLTC,2026-05-25,0,0,0,0,0,2,0,0.0,0.0,0,0
RICH->CLTC,RICH,CLTC,2026-05-26,0,0,0,0,0,2,0,0.0,0.0,0,0
RICH->CLTC,RICH,CLTC,2026-05-27,0,0,0,0,0,1,0,0.0,0.0,0,0
RICH->HMPT,RICH,HMPT,2026-04-27,0,0,0,0,0,1,0,0.0,0.0,0,0
RICH->HMPT,RICH,HMPT,2026-04-28,0,0,0,0,0,2,0,0.0,0.0,0,0
RICH->HMPT,RICH,HMPT,2026-04-29,1,0,0,0,0,1,600,502.236,0.18118182,36406,1
RICH->HMPT,RICH,HMPT,2026-04-30,1,0,0,0,0,1,2564,2178.788,0.7859986,36406,1
RICH->HMPT,RICH,HMPT,2026-05-01,1,0,0,0,0,1,3400,2542.877,0.9173438,36406,1
RICH->HMPT,RICH,HMPT,2026-05-02,1,0,0,0,0,1,3156,2541.233,0.9167507,36406,1
RICH->HMPT,RICH,HMPT,2026-05-03,1,0,0,0,0,1,3007,2662.617,0.96054006,36406,1
RICH->HMPT,RICH,HMPT,2026-05-04,1,0,0,1,0,0,4070,3841.224,0.6928615,72812,0
RICH->HMPT,RICH,HMPT,2026-05-05,1,0,0,0,0,1,3539,2557.515,0.92262447,36406,1
RICH->HMPT,RICH,HMPT,2026-05-06,1,0,0,1,0,0,4096,3724.765,0.67185515,72812,0
RICH->HMPT,RICH,HMPT,2026-05-07,1,0,0,0,0,1,3599,2479.349,0.89442605,36406,1
RICH->HMPT,RICH,HMPT,2026-05-08,1,0,0,0,0,1,3408,2730.234,0.9849329,36406,1
RICH->HMPT,RICH,HMPT,2026-05-09,1,0,0,1,0,0,3889,3609.07,0.6509867,72812,0
RICH->HMPT,RICH,HMPT,2026-05-10,1,0,0,0,0,1,2910,2489.203,0.89798087,36406,1
RICH->HMPT,RICH,HMPT,2026-05-11,1,0,0,0,0,1,3348,2567.132,0.9260938,36406,1
RICH->HMPT,RICH,HMPT,2026-05-12,1,0,0,1,0,0,4290,3879.284,0.6997265,72812,0
RICH->HMPT,RICH,HMPT,2026-05-13,1,0,0,0,0,1,3424,2532.741,0.9136872,36406,1
RICH->HMPT,RICH,HMPT,2026-05-14,1,0,0,1,0,0,4279,3804.119,0.6861687,72812,0
RICH->HMPT,RICH,HMPT,2026-05-15,1,0,0,0,0,1,3293,2497.41,0.90094155,36406,1
RICH->HMPT,RICH,HMPT,2026-05-16,1,0,0,0,0,1,3603,3277.495,1.1823575,36406,0
RICH->HMPT,RICH,HMPT,2026-05-17,1,0,0,0,0,1,3192,2540.206,0.9163802,36406,1
RICH->HMPT,RICH,HMPT,2026-05-18,1,0,0,1,0,0,3916,3840.821,0.6927888,72812,0
RICH->HMPT,RICH,HMPT,2026-05-19,1,0,0,0,0,1,2928,2331.193,0.84097874,36406,1
RICH->HMPT,RICH,HMPT,2026-05-20,1,0,0,0,0,1,1505,1007.977,0.36362806,36406,1
RICH->HMPT,RICH,HMPT,2026-05-21,1,0,0,0,0,1,411,408.485,0.14736111,36406,1
RICH->HMPT,RICH,HMPT,2026-05-22,1,0,0,0,0,1,14,14.372,0.005184704,36406,1
RICH->HMPT,RICH,HMPT,2026-05-23,0,0,0,0,0,2,0,0.0,0.0,0,0
RICH->HMPT,RICH,HMPT,2026-05-24,0,0,0,0,0,2,0,0.0,0.0,0,0
RICH->HMPT,RICH,HMPT,2026-05-25,0,0,0,0,0,2,0,0.0,0.0,0,0
RICH->HMPT,RICH,HMPT,2026-05-26,0,0,0,0,0,2,0,0.0,0.0,0,0
RICH->HMPT,RICH,HMPT,2026-05-27,0,0,0,0,0,1,0,0.0,0.0,0,0
RMSC->BASC,RMSC,BASC,2026-04-27,0,0,0,0,0,1,0,0.0,0.0,0,0
RMSC->BASC,RMSC,BASC,2026-04-28,1,0,0,0,0,2,743,612.129,0.22082576,42500,1
RMSC->BASC,RMSC,BASC,2026-04-29,1,0,0,1,0,1,8318,6565.964,1.1843369,85000,2
RMSC->BASC,RMSC,BASC,2026-04-30,1,0,0,2,0,0,10343,9645.289,1.1598471,127500,0
RMSC->BASC,RMSC,BASC,2026-05-01,1,0,0,1,0,1,9433,6471.116,1.1672287,85000,2
RMSC->BASC,RMSC,BASC,2026-05-02,1,0,0,1,0,1,6939,6496.866,1.1718733,85000,1
RMSC->BASC,RMSC,BASC,2026-05-03,1,0,0,1,0,1,9283,6478.334,1.1685307,85000,0
RMSC->BASC,RMSC,BASC,2026-05-04,1,0,0,2,0,0,11577,9879.779,1.1880447,127500,0
RMSC->BASC,RMSC,BASC,2026-05-05,1,0,0,2,0,0,10944,9922.175,1.1931428,127500,0
RMSC->BASC,RMSC,BASC,2026-05-06,1,0,0,1,0,1,8982,6599.162,1.190325,85000,2
RMSC->BASC,RMSC,BASC,2026-05-07,1,0,0,2,0,0,10519,9978.424,1.1999067,127500,0
RMSC->BASC,RMSC,BASC,2026-05-08,1,0,0,1,0,1,9475,6472.106,1.1674073,85000,1
RMSC->BASC,RMSC,BASC,2026-05-09,1,0,0,2,0,0,8664,9499.357,1.1422988,127500,0
RMSC->BASC,RMSC,BASC,2026-05-10,1,0,0,1,0,1,9387,6467.223,1.1665266,85000,2
RMSC->BASC,RMSC,BASC,2026-05-11,1,0,0,2,0,0,11618,9882.649,1.1883898,127500,0
RMSC->BASC,RMSC,BASC,2026-05-12,1,0,0,1,0,1,8983,6599.401,1.1903682,85000,1
RMSC->BASC,RMSC,BASC,2026-05-13,1,0,0,2,0,0,10590,9453.28,1.1367581,127500,0
RMSC->BASC,RMSC,BASC,2026-05-14,1,0,0,2,0,0,10463,9976.404,1.1996638,127500,0
RMSC->BASC,RMSC,BASC,2026-05-15,1,0,0,1,0,1,9430,6468.986,1.1668445,85000,2
RMSC->BASC,RMSC,BASC,2026-05-16,1,0,0,2,0,0,9698,9418.233,1.1325437,127500,0
RMSC->BASC,RMSC,BASC,2026-05-17,1,0,0,1,0,1,8362,6568.952,1.1848758,85000,2
RMSC->BASC,RMSC,BASC,2026-05-18,1,0,0,1,0,1,7993,6550.656,1.1815758,85000,0
RMSC->BASC,RMSC,BASC,2026-05-19,1,0,0,1,0,1,4311,3891.89,0.7020004,85000,0
RMSC->BASC,RMSC,BASC,2026-05-20,1,0,0,0,0,2,105,92.424,0.033341993,42500,1
RMSC->BASC,RMSC,BASC,2026-05-21,0,0,0,0,0,3,0,0.0,0.0,0,0
RMSC->BASC,RMSC,BASC,2026-05-22,0,0,0,0,0,3,0,0.0,0.0,0,0
RMSC->BASC,RMSC,BASC,2026-05-23,0,0,0,0,0,3,0,0.0,0.0,0,0
RMSC->BASC,RMSC,BASC,2026-05-24,0,0,0,0,0,3,0,0.0,0.0,0,0
RMSC->BASC,RMSC,BASC,2026-05-25,0,0,0,0,0,3,0,0.0,0.0,0,0
RMSC->BASC,RMSC,BASC,2026-05-26,0,0,0,0,0,3,0,0.0,0.0,0,0
RMSC->BASC,RMSC,BASC,2026-05-27,0,0,0,0,0,2,0,0.0,0.0,0,0
RMSC->CLTC,RMSC,CLTC,2026-04-27,0,0,0,0,0,1,0,0.0,0.0,0,0
RMSC->CLTC,RMSC,CLTC,2026-04-28,1,0,0,0,0,1,141,119.316,0.04304329,77546,1
RMSC->CLTC,RMSC,CLTC,2026-04-29,1,0,0,0,0,1,912,821.861,0.29648665,77546,1
RMSC->CLTC,RMSC,CLTC,2026-04-30,1,0,0,0,0,1,3236,2421.983,0.87373126,77546,1
RMSC->CLTC,RMSC,CLTC,2026-05-01,1,0,0,0,0,1,2520,2131.978,0.7691118,77546,1
RMSC->CLTC,RMSC,CLTC,2026-05-02,1,0,0,0,0,1,3368,3319.804,1.1976205,77546,1
RMSC->CLTC,RMSC,CLTC,2026-05-03,1,0,0,0,0,1,3061,2696.72,0.9728427,77546,1
RMSC->CLTC,RMSC,CLTC,2026-05-04,1,0,0,0,0,1,3573,2732.745,0.9858388,77546,1
RMSC->CLTC,RMSC,CLTC,2026-05-05,1,0,0,0,0,1,3764,3187.982,1.1500657,77546,1
RMSC->CLTC,RMSC,CLTC,2026-05-06,1,0,0,0,0,1,3571,2706.877,0.9765068,77546,1
RMSC->CLTC,RMSC,CLTC,2026-05-07,1,0,0,0,0,1,3153,2547.784,0.919114,77546,1
RMSC->CLTC,RMSC,CLTC,2026-05-08,1,0,0,0,0,1,2886,2359.914,0.8513398,77546,1
RMSC->CLTC,RMSC,CLTC,2026-05-09,1,0,0,0,0,1,3381,3319.919,1.197662,77546,1
RMSC->CLTC,RMSC,CLTC,2026-05-10,1,0,0,0,0,1,2965,2583.4,0.9319625,77546,1
RMSC->CLTC,RMSC,CLTC,2026-05-11,1,0,0,0,0,1,3516,2685.836,0.9689163,77546,1
RMSC->CLTC,RMSC,CLTC,2026-05-12,1,0,0,0,0,1,3712,3184.302,1.1487381,77546,1
RMSC->CLTC,RMSC,CLTC,2026-05-13,1,0,0,0,0,1,3644,2717.676,0.9804026,77546,1
RMSC->CLTC,RMSC,CLTC,2026-05-14,1,0,0,0,0,1,3311,2656.725,0.9584145,77546,1
RMSC->CLTC,RMSC,CLTC,2026-05-15,1,0,0,0,0,1,2842,2378.269,0.8579614,77546,1
RMSC->CLTC,RMSC,CLTC,2026-05-16,1,0,0,0,0,1,3372,3319.21,1.1974062,77546,1
RMSC->CLTC,RMSC,CLTC,2026-05-17,1,0,0,0,0,1,2951,2596.251,0.9365985,77546,1
RMSC->CLTC,RMSC,CLTC,2026-05-18,1,0,0,0,0,1,3382,2614.506,0.94318396,77546,1
RMSC->CLTC,RMSC,CLTC,2026-05-19,1,0,0,0,0,1,2080,1344.239,0.48493472,77546,1
RMSC->CLTC,RMSC,CLTC,2026-05-20,1,0,0,0,0,1,1168,1161.081,0.41886038,77546,1
RMSC->CLTC,RMSC,CLTC,2026-05-21,1,0,0,0,0,1,47,33.072,0.011930736,77546,1
RMSC->CLTC,RMSC,CLTC,2026-05-22,0,0,0,0,0,2,0,0.0,0.0,0,0
RMSC->CLTC,RMSC,CLTC,2026-05-23,0,0,0,0,0,2,0,0.0,0.0,0,0
RMSC->CLTC,RMSC,CLTC,2026-05-24,0,0,0,0,0,2,0,0.0,0.0,0,0
RMSC->CLTC,RMSC,CLTC,2026-05-25,0,0,0,0,0,2,0,0.0,0.0,0,0
RMSC->CLTC,RMSC,CLTC,2026-05-26,0,0,0,0,0,2,0,0.0,0.0,0,0
RMSC->CLTC,RMSC,CLTC,2026-05-27,0,0,0,0,0,1,0,0.0,0.0,0,0
RMSC->FRED,RMSC,FRED,2026-04-27,0,0,0,0,0,1,0,0.0,0.0,0,0
RMSC->FRED,RMSC,FRED,2026-04-28,1,0,0,0,0,1,376,311.888,0.112513706,25296,1
RMSC->FRED,RMSC,FRED,2026-04-29,1,0,0,0,0,1,1603,1367.536,0.4933391,25296,1
RMSC->FRED,RMSC,FRED,2026-04-30,1,0,0,0,0,1,2204,1785.65,0.64417386,25296,1
RMSC->FRED,RMSC,FRED,2026-05-01,1,0,0,0,0,1,1865,1508.998,0.54437155,25296,1
RMSC->FRED,RMSC,FRED,2026-05-02,1,0,0,0,0,1,2009,1970.082,0.7107078,25296,1
RMSC->FRED,RMSC,FRED,2026-05-03,1,0,0,0,0,1,2128,1744.878,0.62946534,25296,1
RMSC->FRED,RMSC,FRED,2026-05-04,1,0,0,0,0,1,2316,1837.466,0.66286653,25296,1
RMSC->FRED,RMSC,FRED,2026-05-05,1,0,0,0,0,1,2276,1923.658,0.6939603,25296,1
RMSC->FRED,RMSC,FRED,2026-05-06,1,0,0,0,0,1,2348,1771.79,0.63917387,25296,1
RMSC->FRED,RMSC,FRED,2026-05-07,1,0,0,0,0,1,2220,1942.857,0.70088637,25296,1
RMSC->FRED,RMSC,FRED,2026-05-08,1,0,0,0,0,1,1915,1518.677,0.5478633,25296,1
RMSC->FRED,RMSC,FRED,2026-05-09,1,0,0,0,0,1,2083,2025.828,0.73081815,25296,1
RMSC->FRED,RMSC,FRED,2026-05-10,1,0,0,0,0,1,2086,1703.988,0.61471426,25296,1
RMSC->FRED,RMSC,FRED,2026-05-11,1,0,0,0,0,1,2405,1954.692,0.70515585,25296,1
RMSC->FRED,RMSC,FRED,2026-05-12,1,0,0,0,0,1,2231,1843.076,0.66489035,25296,1
RMSC->FRED,RMSC,FRED,2026-05-13,1,0,0,0,0,1,2285,1761.788,0.63556564,25296,1
RMSC->FRED,RMSC,FRED,2026-05-14,1,0,0,0,0,1,2205,1938.219,0.6992132,25296,1
RMSC->FRED,RMSC,FRED,2026-05-15,1,0,0,0,0,1,1904,1489.646,0.53739035,25296,1
RMSC->FRED,RMSC,FRED,2026-05-16,1,0,0,0,0,1,2290,2174.856,0.7845801,25296,1
RMSC->FRED,RMSC,FRED,2026-05-17,1,0,0,0,0,1,2022,1707.539,0.6159953,25296,1
RMSC->FRED,RMSC,FRED,2026-05-18,1,0,0,0,0,1,1775,1384.375,0.4994138,25296,1
RMSC->FRED,RMSC,FRED,2026-05-19,1,0,0,0,0,1,811,541.026,0.19517532,25296,1
RMSC->FRED,RMSC,FRED,2026-05-20,1,0,0,0,0,1,244,242.9,0.08762626,25296,1
RMSC->FRED,RMSC,FRED,2026-05-21,1,0,0,0,0,1,17,12.813,0.0046222946,25296,1
RMSC->FRED,RMSC,FRED,2026-05-22,0,0,0,0,0,2,0,0.0,0.0,0,0
RMSC->FRED,RMSC,FRED,2026-05-23,0,0,0,0,0,2,0,0.0,0.0,0,0
RMSC->FRED,RMSC,FRED,2026-05-24,0,0,0,0,0,2,0,0.0,0.0,0,0
RMSC->FRED,RMSC,FRED,2026-05-25,0,0,0,0,0,2,0,0.0,0.0,0,0
RMSC->FRED,RMSC,FRED,2026-05-26,0,0,0,0,0,2,0,0.0,0.0,0,0
RMSC->FRED,RMSC,FRED,2026-05-27,0,0,0,0,0,1,0,0.0,0.0,0,0
RMSC->RICH,RMSC,RICH,2026-04-27,0,0,0,0,0,1,0,0.0,0.0,0,0
RMSC->RICH,RMSC,RICH,2026-04-28,1,0,0,0,0,2,1441,1206.99,0.4354221,18388,1
RMSC->RICH,RMSC,RICH,2026-04-29,1,0,0,1,0,1,6244,5316.56,0.9589755,36776,2
RMSC->RICH,RMSC,RICH,2026-04-30,1,0,0,1,0,1,8572,6275.218,1.1318936,36776,2
RMSC->RICH,RMSC,RICH,2026-05-01,1,0,0,1,0,1,8117,6707.941,1.209946,36776,0
RMSC->RICH,RMSC,RICH,2026-05-02,1,0,0,1,0,1,7525,6609.269,1.1921481,36776,0
RMSC->RICH,RMSC,RICH,2026-05-03,1,0,0,2,0,0,10304,9815.358,1.180298,55164,0
RMSC->RICH,RMSC,RICH,2026-05-04,1,0,0,1,0,1,8977,6296.638,1.1357572,36776,2
RMSC->RICH,RMSC,RICH,2026-05-05,1,0,0,2,0,0,10529,9676.295,1.1635756,55164,0
RMSC->RICH,RMSC,RICH,2026-05-06,1,0,0,1,0,1,9150,6304.951,1.1372566,36776,2
RMSC->RICH,RMSC,RICH,2026-05-07,1,0,0,1,0,1,8292,6856.063,1.2366636,36776,0
RMSC->RICH,RMSC,RICH,2026-05-08,1,0,0,2,0,0,10062,9082.072,1.0921203,55164,0
RMSC->RICH,RMSC,RICH,2026-05-09,1,0,0,1,0,1,7461,6370.33,1.1490494,36776,1
RMSC->RICH,RMSC,RICH,2026-05-10,1,0,0,1,0,1,8549,6663.178,1.201872,36776,0
RMSC->RICH,RMSC,RICH,2026-05-11,1,0,0,2,0,0,10857,9692.303,1.1655006,55164,0
RMSC->RICH,RMSC,RICH,2026-05-12,1,0,0,1,0,1,8705,6549.195,1.1813122,36776,0
RMSC->RICH,RMSC,RICH,2026-05-13,1,0,0,2,0,0,11003,9699.287,1.1663405,55164,0
RMSC->RICH,RMSC,RICH,2026-05-14,1,0,0,1,0,1,8223,6259.22,1.1290079,36776,2
RMSC->RICH,RMSC,RICH,2026-05-15,1,0,0,2,0,0,9288,8387.053,1.0085441,55164,0
RMSC->RICH,RMSC,RICH,2026-05-16,1,0,0,1,0,1,8021,6417.583,1.1575727,36776,1
RMSC->RICH,RMSC,RICH,2026-05-17,1,0,0,2,0,0,9999,9802.404,1.1787403,55164,0
RMSC->RICH,RMSC,RICH,2026-05-18,1,0,0,1,0,1,7619,5981.465,1.0789078,36776,1
RMSC->RICH,RMSC,RICH,2026-05-19,1,0,0,0,0,2,3863,2677.201,0.96580124,18388,1
RMSC->RICH,RMSC,RICH,2026-05-20,1,0,0,0,0,2,1133,1121.858,0.40471068,18388,1
RMSC->RICH,RMSC,RICH,2026-05-21,1,0,0,0,0,2,42,32.874,0.011859307,18388,1
RMSC->RICH,RMSC,RICH,2026-05-22,0,0,0,0,0,3,0,0.0,0.0,0,0
RMSC->RICH,RMSC,RICH,2026-05-23,0,0,0,0,0,3,0,0.0,0.0,0,0
RMSC->RICH,RMSC,RICH,2026-05-24,0,0,0,0,0,3,0,0.0,0.0,0,0
RMSC->RICH,RMSC,RICH,2026-05-25,0,0,0,0,0,3,0,0.0,0.0,0,0
RMSC->RICH,RMSC,RICH,2026-05-26,0,0,0,0,0,3,0,0.0,0.0,0,0
RMSC->RICH,RMSC,RICH,2026-05-27,0,0,0,0,0,2,0,0.0,0.0,0,0
RICH->RDUH,RICH,RDUH,2026-04-27,0,0,0,0,0,1,0,0.0,0.0,0,0
RICH->RDUH,RICH,RDUH,2026-04-28,0,0,0,0,0,2,0,0.0,0.0,0,0
RICH->RDUH,RICH,RDUH,2026-04-29,0,0,0,0,0,2,0,0.0,0.0,0,0
RICH->RDUH,RICH,RDUH,2026-04-30,1,0,0,0,0,1,215,186.982,0.067453824,52356,1
RICH->RDUH,RICH,RDUH,2026-05-01,1,0,0,0,0,1,568,317.009,0.114361115,52356,1
RICH->RDUH,RICH,RDUH,2026-05-02,1,0,0,0,0,1,633,644.238,0.23240909,52356,1
RICH->RDUH,RICH,RDUH,2026-05-03,1,0,0,0,0,1,540,442.593,0.15966558,52356,1
RICH->RDUH,RICH,RDUH,2026-05-04,1,0,0,0,0,1,741,757.491,0.27326515,52356,1
RICH->RDUH,RICH,RDUH,2026-05-05,1,0,0,0,0,1,573,276.313,0.099680014,52356,1
RICH->RDUH,RICH,RDUH,2026-05-06,1,0,0,0,0,1,951,966.642,0.34871644,52356,1
RICH->RDUH,RICH,RDUH,2026-05-07,1,0,0,0,0,1,648,375.453,0.1354448,52356,1
RICH->RDUH,RICH,RDUH,2026-05-08,1,0,0,0,0,1,246,432.675,0.15608767,52356,1
RICH->RDUH,RICH,RDUH,2026-05-09,1,0,0,0,0,1,1068,721.244,0.26018903,52356,1
RICH->RDUH,RICH,RDUH,2026-05-10,1,0,0,0,0,1,546,458.822,0.1655202,52356,1
RICH->RDUH,RICH,RDUH,2026-05-11,1,0,0,0,0,1,600,515.801,0.18607539,52356,1
RICH->RDUH,RICH,RDUH,2026-05-12,1,0,0,0,0,1,769,622.769,0.22466414,52356,1
RICH->RDUH,RICH,RDUH,2026-05-13,1,0,0,0,0,1,721,595.399,0.2147904,52356,1
RICH->RDUH,RICH,RDUH,2026-05-14,1,0,0,0,0,1,880,777.642,0.28053463,52356,1
RICH->RDUH,RICH,RDUH,2026-05-15,1,0,0,0,0,1,544,319.382,0.11521717,52356,1
RICH->RDUH,RICH,RDUH,2026-05-16,1,0,0,0,0,1,735,719.116,0.25942135,52356,1
RICH->RDUH,RICH,RDUH,2026-05-17,1,0,0,0,0,1,538,466.221,0.16818939,52356,1
RICH->RDUH,RICH,RDUH,2026-05-18,1,0,0,0,0,1,770,772.187,0.27856675,52356,1
RICH->RDUH,RICH,RDUH,2026-05-19,1,0,0,0,0,1,692,513.188,0.18513276,52356,1
RICH->RDUH,RICH,RDUH,2026-05-20,1,0,0,0,0,1,377,256.529,0.09254293,52356,1
RICH->RDUH,RICH,RDUH,2026-05-21,1,0,0,0,0,1,225,218.281,0.07874495,52356,1
RICH->RDUH,RICH,RDUH,2026-05-22,1,0,0,0,0,1,9,3.872,0.0013968254,52356,1
RICH->RDUH,RICH,RDUH,2026-05-23,0,0,0,0,0,2,0,0.0,0.0,0,0
RICH->RDUH,RICH,RDUH,2026-05-24,0,0,0,0,0,2,0,0.0,0.0,0,0
RICH->RDUH,RICH,RDUH,2026-05-25,0,0,0,0,0,2,0,0.0,0.0,0,0
RICH->RDUH,RICH,RDUH,2026-05-26,0,0,0,0,0,2,0,0.0,0.0,0,0
RICH->RDUH,RICH,RDUH,2026-05-27,0,0,0,0,0,1,0,0.0,0.0,0,0
ATNO->GVIL,ATNO,GVIL,2026-04-27,0,0,0,0,0,1,0,0.0,0.0,0,0
ATNO->GVIL,ATNO,GVIL,2026-04-28,0,0,0,0,0,2,0,0.0,0.0,0,0
ATNO->GVIL,ATNO,GVIL,2026-04-29,1,0,0,0,0,1,461,380.44,0.13724387,47032,1
ATNO->GVIL,ATNO,GVIL,2026-04-30,1,0,0,0,0,1,502,425.694,0.15356927,47032,1
ATNO->GVIL,ATNO,GVIL,2026-05-01,1,0,0,0,0,1,429,360.773,0.13014899,47032,1
ATNO->GVIL,ATNO,GVIL,2026-05-02,1,0,0,0,0,1,392,324.514,0.117068544,47032,1
ATNO->GVIL,ATNO,GVIL,2026-05-03,1,0,0,0,0,1,518,438.493,0.15818651,47032,1
ATNO->GVIL,ATNO,GVIL,2026-05-04,1,0,0,0,0,1,458,347.992,0.12553824,47032,1
ATNO->GVIL,ATNO,GVIL,2026-05-05,1,0,0,0,0,1,504,449.528,0.16216739,47032,1
ATNO->GVIL,ATNO,GVIL,2026-05-06,1,0,0,0,0,1,457,365.786,0.13195743,47032,1
ATNO->GVIL,ATNO,GVIL,2026-05-07,1,0,0,0,0,1,542,468.628,0.16905773,47032,1
ATNO->GVIL,ATNO,GVIL,2026-05-08,1,0,0,0,0,1,409,340.051,0.12267352,47032,1
ATNO->GVIL,ATNO,GVIL,2026-05-09,1,0,0,0,0,1,393,331.721,0.11966847,47032,1
ATNO->GVIL,ATNO,GVIL,2026-05-10,1,0,0,0,0,1,524,437.105,0.15768579,47032,1
ATNO->GVIL,ATNO,GVIL,2026-05-11,1,0,0,0,0,1,476,401.913,0.14499027,47032,1
ATNO->GVIL,ATNO,GVIL,2026-05-12,1,0,0,0,0,1,442,342.658,0.123614,47032,1
ATNO->GVIL,ATNO,GVIL,2026-05-13,1,0,0,0,0,1,523,459.055,0.16560426,47032,1
ATNO->GVIL,ATNO,GVIL,2026-05-14,1,0,0,0,0,1,522,438.692,0.1582583,47032,1
ATNO->GVIL,ATNO,GVIL,2026-05-15,1,0,0,0,0,1,424,344.216,0.12417605,47032,1
ATNO->GVIL,ATNO,GVIL,2026-05-16,1,0,0,0,0,1,402,343.617,0.12395996,47032,1
ATNO->GVIL,ATNO,GVIL,2026-05-17,1,0,0,0,0,1,518,441.211,0.15916702,47032,1
ATNO->GVIL,ATNO,GVIL,2026-05-18,1,0,0,0,0,1,472,390.179,0.14075722,47032,1
ATNO->GVIL,ATNO,GVIL,2026-05-19,1,0,0,0,0,1,9,7.27,0.0026226551,47032,1
ATNO->GVIL,ATNO,GVIL,2026-05-20,0,0,0,0,0,2,0,0.0,0.0,0,0
ATNO->GVIL,ATNO,GVIL,2026-05-21,0,0,0,0,0,2,0,0.0,0.0,0,0
ATNO->GVIL,ATNO,GVIL,2026-05-22,0,0,0,0,0,2,0,0.0,0.0,0,0
ATNO->GVIL,ATNO,GVIL,2026-05-23,0,0,0,0,0,2,0,0.0,0.0,0,0
ATNO->GVIL,ATNO,GVIL,2026-05-24,0,0,0,0,0,2,0,0.0,0.0,0,0
ATNO->GVIL,ATNO,GVIL,2026-05-25,0,0,0,0,0,2,0,0.0,0.0,0,0
ATNO->GVIL,ATNO,GVIL,2026-05-26,0,0,0,0,0,2,0,0.0,0.0,0,0
ATNO->GVIL,ATNO,GVIL,2026-05-27,0,0,0,0,0,1,0,0.0,0.0,0,0
